date,income,expenses,category
2019-01-01,132198.12,-4940.72,all
2019-01-02,517.86,0.0,all
2019-01-03,540.13,0.0,all
2019-01-04,761.88,0.0,all
2019-01-05,701.09,0.0,all
2019-01-06,0.0,0.0,all
2019-01-07,539.64,-732.94,all
2019-01-08,588.3,-494.71,all
2019-01-09,574.71,0.0,all
2019-01-10,523.39,0.0,all
2019-01-11,692.42,0.0,all
2019-01-12,747.79,0.0,all
2019-01-13,0.0,0.0,all
2019-01-14,554.85,-714.63,all
2019-01-15,556.14,-3098.83,all
2019-01-16,513.66,0.0,all
2019-01-17,508.26,0.0,all
2019-01-18,716.39,0.0,all
2019-01-19,739.1,0.0,all
2019-01-20,0.0,0.0,all
2019-01-21,516.19,-750.99,all
2019-01-22,509.65,-496.66,all
2019-01-23,541.77,0.0,all
2019-01-24,583.75,0.0,all
2019-01-25,742.67,0.0,all
2019-01-26,721.31,0.0,all
2019-01-27,0.0,0.0,all
2019-01-28,551.52,-725.41,all
2019-01-29,603.92,-468.52,all
2019-01-30,576.69,0.0,all
2019-01-31,556.13,-5626.03,all
2019-02-01,1085.18,-3878.33,all
2019-02-02,734.59,0.0,all
2019-02-03,0.0,0.0,all
2019-02-04,612.12,-757.14,all
2019-02-05,544.65,-512.74,all
2019-02-06,545.31,0.0,all
2019-02-07,534.64,0.0,all
2019-02-08,739.73,0.0,all
2019-02-09,727.03,0.0,all
2019-02-10,0.0,0.0,all
2019-02-11,532.15,-740.2,all
2019-02-12,543.38,-491.96,all
2019-02-13,513.73,0.0,all
2019-02-14,504.19,0.0,all
2019-02-15,721.59,-2759.54,all
2019-02-16,715.27,0.0,all
2019-02-17,0.0,0.0,all
2019-02-18,567.62,-748.72,all
2019-02-19,524.02,-514.33,all
2019-02-20,517.34,0.0,all
2019-02-21,532.95,0.0,all
2019-02-22,773.45,0.0,all
2019-02-23,754.86,0.0,all
2019-02-24,0.0,0.0,all
2019-02-25,594.93,-776.54,all
2019-02-26,525.93,-480.25,all
2019-02-27,526.65,0.0,all
2019-02-28,514.34,-5873.08,all
2019-03-01,1671.73,-3728.1,all
2019-03-02,764.67,0.0,all
2019-03-03,0.0,0.0,all
2019-03-04,539.35,-772.86,all
2019-03-05,616.68,-511.94,all
2019-03-06,568.09,0.0,all
2019-03-07,569.41,0.0,all
2019-03-08,774.11,0.0,all
2019-03-09,749.4,0.0,all
2019-03-10,0.0,0.0,all
2019-03-11,557.45,-789.48,all
2019-03-12,531.66,-497.7,all
2019-03-13,530.73,0.0,all
2019-03-14,596.09,0.0,all
2019-03-15,793.79,-2630.85,all
2019-03-16,767.54,0.0,all
2019-03-17,0.0,0.0,all
2019-03-18,613.88,-786.8,all
2019-03-19,523.96,-499.82,all
2019-03-20,557.72,0.0,all
2019-03-21,608.43,0.0,all
2019-03-22,676.56,0.0,all
2019-03-23,748.41,0.0,all
2019-03-24,0.0,0.0,all
2019-03-25,628.34,-744.07,all
2019-03-26,576.08,-530.37,all
2019-03-27,546.48,0.0,all
2019-03-28,545.02,0.0,all
2019-03-29,746.57,0.0,all
2019-03-30,756.19,0.0,all
2019-03-31,0.0,-5787.02,all
2019-04-01,1211.43,-5178.2,all
2019-04-02,601.66,-508.89,all
2019-04-03,577.85,0.0,all
2019-04-04,607.79,0.0,all
2019-04-05,702.03,0.0,all
2019-04-06,717.89,0.0,all
2019-04-07,0.0,0.0,all
2019-04-08,555.21,-738.55,all
2019-04-09,583.51,-525.77,all
2019-04-10,571.89,0.0,all
2019-04-11,618.63,0.0,all
2019-04-12,798.34,0.0,all
2019-04-13,746.11,0.0,all
2019-04-14,0.0,0.0,all
2019-04-15,549.89,-3588.13,all
2019-04-16,560.1,-521.92,all
2019-04-17,583.94,0.0,all
2019-04-18,606.84,0.0,all
2019-04-19,756.36,0.0,all
2019-04-20,782.55,0.0,all
2019-04-21,0.0,0.0,all
2019-04-22,574.31,-782.23,all
2019-04-23,537.32,-510.57,all
2019-04-24,525.9,0.0,all
2019-04-25,565.05,0.0,all
2019-04-26,744.12,0.0,all
2019-04-27,727.75,0.0,all
2019-04-28,0.0,0.0,all
2019-04-29,517.63,-800.28,all
2019-04-30,554.19,-6286.47,all
2019-05-01,1371.75,-3657.38,all
2019-05-02,585.63,0.0,all
2019-05-03,753.51,0.0,all
2019-05-04,759.16,0.0,all
2019-05-05,0.0,0.0,all
2019-05-06,545.36,-812.01,all
2019-05-07,623.54,-546.17,all
2019-05-08,566.08,0.0,all
2019-05-09,588.7,0.0,all
2019-05-10,754.38,0.0,all
2019-05-11,840.79,0.0,all
2019-05-12,0.0,0.0,all
2019-05-13,549.54,-793.32,all
2019-05-14,588.57,-527.29,all
2019-05-15,564.28,-2711.55,all
2019-05-16,632.71,0.0,all
2019-05-17,835.85,0.0,all
2019-05-18,785.32,0.0,all
2019-05-19,0.0,0.0,all
2019-05-20,601.91,-783.61,all
2019-05-21,597.63,-521.94,all
2019-05-22,562.92,0.0,all
2019-05-23,599.3,0.0,all
2019-05-24,738.41,0.0,all
2019-05-25,813.34,0.0,all
2019-05-26,0.0,0.0,all
2019-05-27,551.34,-800.82,all
2019-05-28,603.21,-517.09,all
2019-05-29,593.63,0.0,all
2019-05-30,652.4,0.0,all
2019-05-31,815.76,-5489.98,all
2019-06-01,1622.58,-3776.13,all
2019-06-02,0.0,0.0,all
2019-06-03,475.6,-760.19,all
2019-06-04,551.32,-505.68,all
2019-06-05,488.31,0.0,all
2019-06-06,498.74,0.0,all
2019-06-07,663.0,0.0,all
2019-06-08,683.0,0.0,all
2019-06-09,0.0,0.0,all
2019-06-10,519.67,-824.18,all
2019-06-11,539.9,-507.3,all
2019-06-12,481.17,0.0,all
2019-06-13,510.38,0.0,all
2019-06-14,681.5,0.0,all
2019-06-15,743.71,-2830.84,all
2019-06-16,0.0,0.0,all
2019-06-17,560.48,-839.62,all
2019-06-18,521.6,-547.28,all
2019-06-19,513.91,0.0,all
2019-06-20,466.2,0.0,all
2019-06-21,671.01,0.0,all
2019-06-22,676.35,0.0,all
2019-06-23,0.0,0.0,all
2019-06-24,527.02,-773.02,all
2019-06-25,521.86,-562.43,all
2019-06-26,548.27,0.0,all
2019-06-27,541.06,0.0,all
2019-06-28,629.94,0.0,all
2019-06-29,730.07,0.0,all
2019-06-30,0.0,-5491.06,all
2019-07-01,1383.57,-5201.34,all
2019-07-02,534.25,-538.18,all
2019-07-03,565.7,0.0,all
2019-07-04,494.64,0.0,all
2019-07-05,728.95,0.0,all
2019-07-06,739.86,0.0,all
2019-07-07,0.0,0.0,all
2019-07-08,567.26,-786.68,all
2019-07-09,524.97,-523.37,all
2019-07-10,484.97,0.0,all
2019-07-11,517.1,0.0,all
2019-07-12,630.43,0.0,all
2019-07-13,764.72,0.0,all
2019-07-14,0.0,0.0,all
2019-07-15,577.76,-3580.84,all
2019-07-16,482.34,-563.65,all
2019-07-17,538.57,0.0,all
2019-07-18,550.75,0.0,all
2019-07-19,700.75,0.0,all
2019-07-20,707.79,0.0,all
2019-07-21,0.0,0.0,all
2019-07-22,520.01,-814.18,all
2019-07-23,529.75,-571.03,all
2019-07-24,537.99,0.0,all
2019-07-25,537.85,0.0,all
2019-07-26,704.36,0.0,all
2019-07-27,690.93,0.0,all
2019-07-28,0.0,0.0,all
2019-07-29,573.68,-831.0,all
2019-07-30,495.48,-569.66,all
2019-07-31,554.52,-5790.76,all
2019-08-01,1546.5,-3603.76,all
2019-08-02,745.11,0.0,all
2019-08-03,684.63,0.0,all
2019-08-04,0.0,0.0,all
2019-08-05,551.65,-808.05,all
2019-08-06,516.51,-564.03,all
2019-08-07,533.43,0.0,all
2019-08-08,520.3,0.0,all
2019-08-09,727.61,0.0,all
2019-08-10,666.69,0.0,all
2019-08-11,0.0,0.0,all
2019-08-12,530.9,-855.31,all
2019-08-13,552.74,-564.51,all
2019-08-14,498.88,0.0,all
2019-08-15,539.2,-2907.54,all
2019-08-16,718.39,0.0,all
2019-08-17,738.9,0.0,all
2019-08-18,0.0,0.0,all
2019-08-19,520.82,-810.69,all
2019-08-20,480.39,-557.62,all
2019-08-21,555.71,0.0,all
2019-08-22,536.39,0.0,all
2019-08-23,798.33,0.0,all
2019-08-24,706.52,0.0,all
2019-08-25,0.0,0.0,all
2019-08-26,597.19,-861.61,all
2019-08-27,603.62,-540.58,all
2019-08-28,531.46,0.0,all
2019-08-29,573.04,0.0,all
2019-08-30,728.34,0.0,all
2019-08-31,703.31,-5618.27,all
2019-09-01,1550.27,-3790.51,all
2019-09-02,574.99,-820.5,all
2019-09-03,680.42,-541.43,all
2019-09-04,567.72,0.0,all
2019-09-05,604.38,0.0,all
2019-09-06,885.58,0.0,all
2019-09-07,801.9,0.0,all
2019-09-08,0.0,0.0,all
2019-09-09,664.61,-869.5,all
2019-09-10,599.19,-549.14,all
2019-09-11,628.64,0.0,all
2019-09-12,590.28,0.0,all
2019-09-13,814.14,0.0,all
2019-09-14,903.4,0.0,all
2019-09-15,0.0,-3057.29,all
2019-09-16,593.88,-870.76,all
2019-09-17,633.62,-561.86,all
2019-09-18,655.99,0.0,all
2019-09-19,629.27,0.0,all
2019-09-20,963.51,0.0,all
2019-09-21,854.9,0.0,all
2019-09-22,0.0,0.0,all
2019-09-23,682.87,-887.56,all
2019-09-24,614.67,-567.53,all
2019-09-25,567.97,0.0,all
2019-09-26,576.11,0.0,all
2019-09-27,831.84,0.0,all
2019-09-28,817.59,0.0,all
2019-09-29,0.0,0.0,all
2019-09-30,660.76,-6745.26,all
2019-10-01,2467.07,-5045.04,all
2019-10-02,604.43,0.0,all
2019-10-03,646.29,0.0,all
2019-10-04,903.16,0.0,all
2019-10-05,824.53,0.0,all
2019-10-06,0.0,0.0,all
2019-10-07,604.63,-864.88,all
2019-10-08,593.41,-599.07,all
2019-10-09,596.98,0.0,all
2019-10-10,620.84,0.0,all
2019-10-11,901.6,0.0,all
2019-10-12,941.64,0.0,all
2019-10-13,0.0,0.0,all
2019-10-14,660.32,-835.83,all
2019-10-15,617.57,-3597.89,all
2019-10-16,690.5,0.0,all
2019-10-17,637.37,0.0,all
2019-10-18,817.25,0.0,all
2019-10-19,864.62,0.0,all
2019-10-20,0.0,0.0,all
2019-10-21,652.29,-888.72,all
2019-10-22,627.16,-591.38,all
2019-10-23,614.12,0.0,all
2019-10-24,659.82,0.0,all
2019-10-25,882.29,0.0,all
2019-10-26,793.43,0.0,all
2019-10-27,0.0,0.0,all
2019-10-28,671.75,-880.74,all
2019-10-29,623.33,-592.91,all
2019-10-30,679.93,0.0,all
2019-10-31,694.81,-5994.22,all
2019-11-01,2286.25,-3791.53,all
2019-11-02,1194.92,0.0,all
2019-11-03,0.0,0.0,all
2019-11-04,863.33,-833.99,all
2019-11-05,951.26,-605.79,all
2019-11-06,855.21,0.0,all
2019-11-07,889.19,0.0,all
2019-11-08,1235.32,0.0,all
2019-11-09,1220.16,0.0,all
2019-11-10,0.0,0.0,all
2019-11-11,853.26,-895.1,all
2019-11-12,887.25,-595.4,all
2019-11-13,925.62,0.0,all
2019-11-14,874.12,0.0,all
2019-11-15,1178.03,-2987.53,all
2019-11-16,1128.62,0.0,all
2019-11-17,0.0,0.0,all
2019-11-18,846.96,-907.34,all
2019-11-19,892.22,-588.4,all
2019-11-20,892.14,0.0,all
2019-11-21,878.96,0.0,all
2019-11-22,1135.87,0.0,all
2019-11-23,1184.95,0.0,all
2019-11-24,0.0,0.0,all
2019-11-25,902.22,-885.02,all
2019-11-26,893.07,-571.04,all
2019-11-27,886.76,0.0,all
2019-11-28,962.65,0.0,all
2019-11-29,1179.48,0.0,all
2019-11-30,1134.47,-6403.05,all
2019-12-01,1973.26,-3919.27,all
2019-12-02,924.77,-861.95,all
2019-12-03,926.51,-577.58,all
2019-12-04,939.43,0.0,all
2019-12-05,893.43,0.0,all
2019-12-06,1216.97,0.0,all
2019-12-07,1055.75,0.0,all
2019-12-08,0.0,0.0,all
2019-12-09,851.26,-860.18,all
2019-12-10,893.11,-577.26,all
2019-12-11,874.23,0.0,all
2019-12-12,890.58,0.0,all
2019-12-13,1156.61,0.0,all
2019-12-14,1186.81,0.0,all
2019-12-15,0.0,-3275.85,all
2019-12-16,904.77,-925.76,all
2019-12-17,836.31,-601.44,all
2019-12-18,885.08,0.0,all
2019-12-19,948.52,0.0,all
2019-12-20,1241.67,0.0,all
2019-12-21,1130.19,0.0,all
2019-12-22,0.0,0.0,all
2019-12-23,816.23,-911.35,all
2019-12-24,921.24,-597.27,all
2019-12-25,879.27,0.0,all
2019-12-26,844.94,0.0,all
2019-12-27,1228.7,0.0,all
2019-12-28,1180.54,0.0,all
2019-12-29,0.0,0.0,all
2019-12-30,992.15,-855.77,all
2019-12-31,844.91,-7279.65,all
2020-01-01,2834.97,-4318.09,all
2020-01-02,640.06,0.0,all
2020-01-03,861.22,0.0,all
2020-01-04,876.97,0.0,all
2020-01-05,0.0,0.0,all
2020-01-06,670.41,-860.45,all
2020-01-07,670.41,-576.46,all
2020-01-08,682.62,0.0,all
2020-01-09,683.94,0.0,all
2020-01-10,936.56,0.0,all
2020-01-11,910.72,0.0,all
2020-01-12,0.0,0.0,all
2020-01-13,656.02,-884.92,all
2020-01-14,733.69,-580.38,all
2020-01-15,675.02,-3070.55,all
2020-01-16,684.22,0.0,all
2020-01-17,1032.02,0.0,all
2020-01-18,905.84,0.0,all
2020-01-19,0.0,0.0,all
2020-01-20,638.99,-879.84,all
2020-01-21,739.72,-625.31,all
2020-01-22,655.19,0.0,all
2020-01-23,686.99,0.0,all
2020-01-24,886.96,0.0,all
2020-01-25,881.47,0.0,all
2020-01-26,0.0,0.0,all
2020-01-27,748.44,-877.12,all
2020-01-28,757.21,-629.09,all
2020-01-29,648.26,0.0,all
2020-01-30,627.31,0.0,all
2020-01-31,870.84,-5980.92,all
2020-02-01,2169.71,-3650.07,all
2020-02-02,0.0,0.0,all
2020-02-03,748.66,-927.9,all
2020-02-04,681.59,-622.85,all
2020-02-05,655.37,0.0,all
2020-02-06,638.87,0.0,all
2020-02-07,973.81,0.0,all
2020-02-08,955.68,0.0,all
2020-02-09,0.0,0.0,all
2020-02-10,716.32,-956.84,all
2020-02-11,681.83,-616.5,all
2020-02-12,671.76,0.0,all
2020-02-13,699.76,0.0,all
2020-02-14,897.8,0.0,all
2020-02-15,877.88,-3167.53,all
2020-02-16,0.0,0.0,all
2020-02-17,711.83,-957.53,all
2020-02-18,736.18,-603.47,all
2020-02-19,651.05,0.0,all
2020-02-20,714.3,0.0,all
2020-02-21,931.68,0.0,all
2020-02-22,921.52,0.0,all
2020-02-23,0.0,0.0,all
2020-02-24,664.56,-883.94,all
2020-02-25,750.63,-602.8,all
2020-02-26,661.22,0.0,all
2020-02-27,765.81,0.0,all
2020-02-28,1011.4,0.0,all
2020-02-29,1022.56,-5975.7,all
2020-03-01,1127.53,-3705.14,all
2020-03-02,770.28,-958.82,all
2020-03-03,691.0,-599.61,all
2020-03-04,619.06,0.0,all
2020-03-05,660.89,0.0,all
2020-03-06,927.76,0.0,all
2020-03-07,891.19,0.0,all
2020-03-08,0.0,0.0,all
2020-03-09,666.1,-941.69,all
2020-03-10,708.35,-606.6,all
2020-03-11,754.29,0.0,all
2020-03-12,686.01,0.0,all
2020-03-13,974.81,0.0,all
2020-03-14,948.55,0.0,all
2020-03-15,0.0,-3282.11,all
2020-03-16,753.08,-909.35,all
2020-03-17,628.24,-646.26,all
2020-03-18,726.47,0.0,all
2020-03-19,715.88,0.0,all
2020-03-20,872.13,0.0,all
2020-03-21,950.33,0.0,all
2020-03-22,0.0,0.0,all
2020-03-23,688.58,-950.93,all
2020-03-24,736.34,-623.82,all
2020-03-25,726.86,0.0,all
2020-03-26,710.44,0.0,all
2020-03-27,901.53,0.0,all
2020-03-28,986.97,0.0,all
2020-03-29,0.0,0.0,all
2020-03-30,721.89,-967.23,all
2020-03-31,685.93,-7096.84,all
2020-04-01,2274.03,-4754.49,all
2020-04-02,693.15,0.0,all
2020-04-03,909.06,0.0,all
2020-04-04,907.73,0.0,all
2020-04-05,0.0,0.0,all
2020-04-06,704.95,-959.94,all
2020-04-07,716.62,-631.01,all
2020-04-08,699.89,0.0,all
2020-04-09,725.68,0.0,all
2020-04-10,869.0,0.0,all
2020-04-11,1048.26,0.0,all
2020-04-12,0.0,0.0,all
2020-04-13,681.07,-892.43,all
2020-04-14,775.62,-593.28,all
2020-04-15,685.61,-3446.07,all
2020-04-16,730.36,0.0,all
2020-04-17,946.44,0.0,all
2020-04-18,958.68,0.0,all
2020-04-19,0.0,0.0,all
2020-04-20,721.2,-924.8,all
2020-04-21,708.75,-639.77,all
2020-04-22,727.76,0.0,all
2020-04-23,654.46,0.0,all
2020-04-24,890.81,0.0,all
2020-04-25,973.25,0.0,all
2020-04-26,0.0,0.0,all
2020-04-27,752.63,-965.4,all
2020-04-28,684.54,-633.66,all
2020-04-29,679.33,0.0,all
2020-04-30,679.88,-6288.0,all
2020-05-01,2717.81,-3758.45,all
2020-05-02,945.0,0.0,all
2020-05-03,0.0,0.0,all
2020-05-04,740.46,-941.13,all
2020-05-05,690.92,-607.82,all
2020-05-06,688.78,0.0,all
2020-05-07,727.26,0.0,all
2020-05-08,990.09,0.0,all
2020-05-09,1036.09,0.0,all
2020-05-10,0.0,0.0,all
2020-05-11,663.13,-944.96,all
2020-05-12,743.13,-658.06,all
2020-05-13,738.11,0.0,all
2020-05-14,672.83,0.0,all
2020-05-15,926.05,-3482.46,all
2020-05-16,932.44,0.0,all
2020-05-17,0.0,0.0,all
2020-05-18,769.22,-915.65,all
2020-05-19,680.78,-601.72,all
2020-05-20,737.14,0.0,all
2020-05-21,706.66,0.0,all
2020-05-22,911.18,0.0,all
2020-05-23,941.97,0.0,all
2020-05-24,0.0,0.0,all
2020-05-25,746.02,-920.66,all
2020-05-26,769.47,-615.54,all
2020-05-27,665.1,0.0,all
2020-05-28,778.88,0.0,all
2020-05-29,960.6,0.0,all
2020-05-30,909.2,0.0,all
2020-05-31,0.0,-6654.49,all
2020-06-01,1741.29,-4802.75,all
2020-06-02,626.49,-637.7,all
2020-06-03,659.63,0.0,all
2020-06-04,594.76,0.0,all
2020-06-05,825.75,0.0,all
2020-06-06,757.04,0.0,all
2020-06-07,0.0,0.0,all
2020-06-08,576.19,-984.45,all
2020-06-09,599.62,-604.68,all
2020-06-10,604.47,0.0,all
2020-06-11,640.55,0.0,all
2020-06-12,770.55,0.0,all
2020-06-13,805.01,0.0,all
2020-06-14,0.0,0.0,all
2020-06-15,678.51,-4298.19,all
2020-06-16,637.2,-623.1,all
2020-06-17,642.25,0.0,all
2020-06-18,650.65,0.0,all
2020-06-19,838.89,0.0,all
2020-06-20,826.32,0.0,all
2020-06-21,0.0,0.0,all
2020-06-22,597.15,-946.57,all
2020-06-23,634.15,-612.67,all
2020-06-24,630.56,0.0,all
2020-06-25,617.83,0.0,all
2020-06-26,816.56,0.0,all
2020-06-27,820.54,0.0,all
2020-06-28,0.0,0.0,all
2020-06-29,630.2,-915.72,all
2020-06-30,659.95,-6308.18,all
2020-07-01,1664.8,-4731.66,all
2020-07-02,651.06,0.0,all
2020-07-03,796.62,0.0,all
2020-07-04,791.2,0.0,all
2020-07-05,0.0,0.0,all
2020-07-06,643.83,-970.62,all
2020-07-07,596.1,-621.21,all
2020-07-08,571.95,0.0,all
2020-07-09,609.7,0.0,all
2020-07-10,882.81,0.0,all
2020-07-11,853.2,0.0,all
2020-07-12,0.0,0.0,all
2020-07-13,676.43,-946.16,all
2020-07-14,636.25,-658.49,all
2020-07-15,671.38,-3539.13,all
2020-07-16,588.66,0.0,all
2020-07-17,888.47,0.0,all
2020-07-18,928.2,0.0,all
2020-07-19,0.0,0.0,all
2020-07-20,621.49,-938.88,all
2020-07-21,550.56,-629.32,all
2020-07-22,609.23,0.0,all
2020-07-23,647.17,0.0,all
2020-07-24,826.32,0.0,all
2020-07-25,822.59,0.0,all
2020-07-26,0.0,0.0,all
2020-07-27,652.02,-1010.42,all
2020-07-28,622.71,-643.11,all
2020-07-29,671.78,0.0,all
2020-07-30,575.22,0.0,all
2020-07-31,953.39,-5586.63,all
2020-08-01,1948.84,-3921.43,all
2020-08-02,0.0,0.0,all
2020-08-03,636.8,-983.38,all
2020-08-04,619.72,-643.28,all
2020-08-05,675.13,0.0,all
2020-08-06,600.12,0.0,all
2020-08-07,804.22,0.0,all
2020-08-08,890.98,0.0,all
2020-08-09,0.0,0.0,all
2020-08-10,671.78,-1012.07,all
2020-08-11,672.91,-617.42,all
2020-08-12,639.87,0.0,all
2020-08-13,685.4,0.0,all
2020-08-14,858.7,0.0,all
2020-08-15,844.6,-3562.85,all
2020-08-16,0.0,0.0,all
2020-08-17,614.22,-967.45,all
2020-08-18,648.29,-676.62,all
2020-08-19,619.92,0.0,all
2020-08-20,621.57,0.0,all
2020-08-21,923.78,0.0,all
2020-08-22,900.93,0.0,all
2020-08-23,0.0,0.0,all
2020-08-24,635.01,-966.64,all
2020-08-25,691.12,-658.76,all
2020-08-26,616.49,0.0,all
2020-08-27,663.27,0.0,all
2020-08-28,832.49,0.0,all
2020-08-29,817.72,0.0,all
2020-08-30,0.0,0.0,all
2020-08-31,655.1,-6958.63,all
2020-09-01,2631.79,-4474.25,all
2020-09-02,721.66,0.0,all
2020-09-03,745.33,0.0,all
2020-09-04,1007.92,0.0,all
2020-09-05,1029.85,0.0,all
2020-09-06,0.0,0.0,all
2020-09-07,715.88,-944.71,all
2020-09-08,752.92,-660.31,all
2020-09-09,689.54,0.0,all
2020-09-10,720.05,0.0,all
2020-09-11,971.03,0.0,all
2020-09-12,976.78,0.0,all
2020-09-13,0.0,0.0,all
2020-09-14,730.11,-974.83,all
2020-09-15,718.8,-4304.48,all
2020-09-16,762.36,0.0,all
2020-09-17,796.38,0.0,all
2020-09-18,1086.31,0.0,all
2020-09-19,969.53,0.0,all
2020-09-20,0.0,0.0,all
2020-09-21,729.32,-998.33,all
2020-09-22,719.6,-631.1,all
2020-09-23,716.41,0.0,all
2020-09-24,776.53,0.0,all
2020-09-25,956.76,0.0,all
2020-09-26,1039.23,0.0,all
2020-09-27,0.0,0.0,all
2020-09-28,750.54,-1021.07,all
2020-09-29,798.94,-654.39,all
2020-09-30,725.13,-6336.7,all
2020-10-01,2146.0,-4693.88,all
2020-10-02,903.58,0.0,all
2020-10-03,1056.57,0.0,all
2020-10-04,0.0,0.0,all
2020-10-05,672.1,-985.48,all
2020-10-06,785.06,-651.77,all
2020-10-07,748.32,0.0,all
2020-10-08,765.4,0.0,all
2020-10-09,1014.07,0.0,all
2020-10-10,950.21,0.0,all
2020-10-11,0.0,0.0,all
2020-10-12,738.83,-980.16,all
2020-10-13,687.4,-640.88,all
2020-10-14,762.33,0.0,all
2020-10-15,713.81,-3346.92,all
2020-10-16,981.1,0.0,all
2020-10-17,982.4,0.0,all
2020-10-18,0.0,0.0,all
2020-10-19,743.62,-960.75,all
2020-10-20,743.08,-632.29,all
2020-10-21,724.03,0.0,all
2020-10-22,793.36,0.0,all
2020-10-23,1004.34,0.0,all
2020-10-24,897.09,0.0,all
2020-10-25,0.0,0.0,all
2020-10-26,736.31,-1036.1,all
2020-10-27,745.36,-646.98,all
2020-10-28,741.76,0.0,all
2020-10-29,813.34,0.0,all
2020-10-30,1069.27,0.0,all
2020-10-31,1020.03,-6225.49,all
2020-11-01,1432.24,-3962.09,all
2020-11-02,939.3,-968.58,all
2020-11-03,1027.21,-637.77,all
2020-11-04,1024.97,0.0,all
2020-11-05,1000.6,0.0,all
2020-11-06,1317.18,0.0,all
2020-11-07,1452.61,0.0,all
2020-11-08,0.0,0.0,all
2020-11-09,986.62,-1018.37,all
2020-11-10,1043.06,-672.35,all
2020-11-11,1030.85,0.0,all
2020-11-12,989.39,0.0,all
2020-11-13,1248.3,0.0,all
2020-11-14,1204.18,0.0,all
2020-11-15,0.0,-3520.42,all
2020-11-16,942.14,-986.89,all
2020-11-17,985.52,-654.65,all
2020-11-18,971.58,0.0,all
2020-11-19,998.58,0.0,all
2020-11-20,1382.53,0.0,all
2020-11-21,1420.42,0.0,all
2020-11-22,0.0,0.0,all
2020-11-23,1099.34,-963.96,all
2020-11-24,959.5,-696.93,all
2020-11-25,943.61,0.0,all
2020-11-26,993.09,0.0,all
2020-11-27,1281.18,0.0,all
2020-11-28,1328.97,0.0,all
2020-11-29,0.0,0.0,all
2020-11-30,976.9,-8099.11,all
2020-12-01,2651.97,-4457.88,all
2020-12-02,975.95,0.0,all
2020-12-03,1013.31,0.0,all
2020-12-04,1268.55,0.0,all
2020-12-05,1291.2,0.0,all
2020-12-06,0.0,0.0,all
2020-12-07,964.88,-1042.33,all
2020-12-08,950.36,-683.52,all
2020-12-09,1058.67,0.0,all
2020-12-10,1093.74,0.0,all
2020-12-11,1287.33,0.0,all
2020-12-12,1332.26,0.0,all
2020-12-13,0.0,0.0,all
2020-12-14,1035.86,-1033.38,all
2020-12-15,1056.48,-4255.82,all
2020-12-16,1013.07,0.0,all
2020-12-17,1017.21,0.0,all
2020-12-18,1440.65,0.0,all
2020-12-19,1324.43,0.0,all
2020-12-20,0.0,0.0,all
2020-12-21,984.35,-971.85,all
2020-12-22,903.86,-653.06,all
2020-12-23,956.75,0.0,all
2020-12-24,1046.25,0.0,all
2020-12-25,1339.69,0.0,all
2020-12-26,1417.59,0.0,all
2020-12-27,0.0,0.0,all
2020-12-28,1068.55,-1024.46,all
2020-12-29,1036.96,-667.1,all
2020-12-30,1133.87,0.0,all
2020-12-31,1052.13,-7227.09,all
2021-01-01,3307.83,-4437.95,all
2021-01-02,926.65,0.0,all
2021-01-03,0.0,0.0,all
2021-01-04,815.86,-1025.34,all
2021-01-05,810.2,-707.96,all
2021-01-06,804.15,0.0,all
2021-01-07,706.77,0.0,all
2021-01-08,1056.04,0.0,all
2021-01-09,1014.91,0.0,all
2021-01-10,0.0,0.0,all
2021-01-11,829.86,-1031.59,all
2021-01-12,710.67,-657.35,all
2021-01-13,795.86,0.0,all
2021-01-14,781.1,0.0,all
2021-01-15,1022.14,-3771.17,all
2021-01-16,1088.69,0.0,all
2021-01-17,0.0,0.0,all
2021-01-18,746.95,-1010.43,all
2021-01-19,780.97,-655.6,all
2021-01-20,779.64,0.0,all
2021-01-21,743.84,0.0,all
2021-01-22,1053.1,0.0,all
2021-01-23,985.96,0.0,all
2021-01-24,0.0,0.0,all
2021-01-25,728.33,-1073.59,all
2021-01-26,806.58,-705.38,all
2021-01-27,750.84,0.0,all
2021-01-28,783.26,0.0,all
2021-01-29,991.71,0.0,all
2021-01-30,1081.1,0.0,all
2021-01-31,0.0,-6383.29,all
2021-02-01,2547.17,-4856.84,all
2021-02-02,841.22,-716.55,all
2021-02-03,812.61,0.0,all
2021-02-04,726.38,0.0,all
2021-02-05,986.16,0.0,all
2021-02-06,1063.07,0.0,all
2021-02-07,0.0,0.0,all
2021-02-08,777.85,-982.77,all
2021-02-09,795.28,-674.97,all
2021-02-10,736.09,0.0,all
2021-02-11,702.97,0.0,all
2021-02-12,1046.63,0.0,all
2021-02-13,983.92,0.0,all
2021-02-14,0.0,0.0,all
2021-02-15,795.52,-4581.89,all
2021-02-16,787.59,-678.47,all
2021-02-17,784.64,0.0,all
2021-02-18,762.13,0.0,all
2021-02-19,1029.59,0.0,all
2021-02-20,1138.16,0.0,all
2021-02-21,0.0,0.0,all
2021-02-22,787.54,-1001.88,all
2021-02-23,784.57,-722.49,all
2021-02-24,841.01,0.0,all
2021-02-25,783.68,0.0,all
2021-02-26,1090.94,0.0,all
2021-02-27,1086.71,0.0,all
2021-02-28,0.0,-6475.72,all
2021-03-01,2104.61,-4800.61,all
2021-03-02,728.79,-676.35,all
2021-03-03,788.98,0.0,all
2021-03-04,744.85,0.0,all
2021-03-05,1001.74,0.0,all
2021-03-06,1047.14,0.0,all
2021-03-07,0.0,0.0,all
2021-03-08,860.21,-1016.16,all
2021-03-09,733.94,-709.57,all
2021-03-10,824.27,0.0,all
2021-03-11,723.76,0.0,all
2021-03-12,1024.33,0.0,all
2021-03-13,1048.12,0.0,all
2021-03-14,0.0,0.0,all
2021-03-15,846.44,-4835.74,all
2021-03-16,770.54,-675.94,all
2021-03-17,794.62,0.0,all
2021-03-18,827.02,0.0,all
2021-03-19,1079.79,0.0,all
2021-03-20,1105.54,0.0,all
2021-03-21,0.0,0.0,all
2021-03-22,716.87,-1076.72,all
2021-03-23,768.35,-695.31,all
2021-03-24,790.86,0.0,all
2021-03-25,828.0,0.0,all
2021-03-26,1026.88,0.0,all
2021-03-27,1054.34,0.0,all
2021-03-28,0.0,0.0,all
2021-03-29,754.43,-1051.13,all
2021-03-30,762.07,-725.78,all
2021-03-31,799.7,-6477.15,all
2021-04-01,2559.61,-4738.86,all
2021-04-02,1096.38,0.0,all
2021-04-03,1117.45,0.0,all
2021-04-04,0.0,0.0,all
2021-04-05,841.91,-1000.59,all
2021-04-06,774.84,-728.61,all
2021-04-07,774.45,0.0,all
2021-04-08,795.16,0.0,all
2021-04-09,984.39,0.0,all
2021-04-10,1059.01,0.0,all
2021-04-11,0.0,0.0,all
2021-04-12,828.63,-1059.54,all
2021-04-13,783.21,-679.33,all
2021-04-14,822.82,0.0,all
2021-04-15,826.44,-3780.31,all
2021-04-16,1022.76,0.0,all
2021-04-17,1028.79,0.0,all
2021-04-18,0.0,0.0,all
2021-04-19,832.49,-1049.32,all
2021-04-20,842.17,-688.09,all
2021-04-21,833.62,0.0,all
2021-04-22,815.93,0.0,all
2021-04-23,1027.8,0.0,all
2021-04-24,1032.81,0.0,all
2021-04-25,0.0,0.0,all
2021-04-26,782.0,-1044.14,all
2021-04-27,725.77,-728.03,all
2021-04-28,755.25,0.0,all
2021-04-29,850.37,0.0,all
2021-04-30,1030.3,-6895.43,all
2021-05-01,2449.35,-3767.46,all
2021-05-02,0.0,0.0,all
2021-05-03,840.22,-1056.95,all
2021-05-04,833.16,-674.34,all
2021-05-05,775.9,0.0,all
2021-05-06,827.38,0.0,all
2021-05-07,1029.72,0.0,all
2021-05-08,1009.29,0.0,all
2021-05-09,0.0,0.0,all
2021-05-10,849.59,-1028.72,all
2021-05-11,746.17,-696.09,all
2021-05-12,780.86,0.0,all
2021-05-13,795.43,0.0,all
2021-05-14,1159.49,0.0,all
2021-05-15,986.72,-3868.3,all
2021-05-16,0.0,0.0,all
2021-05-17,790.91,-1048.01,all
2021-05-18,798.1,-739.37,all
2021-05-19,833.06,0.0,all
2021-05-20,812.31,0.0,all
2021-05-21,1073.92,0.0,all
2021-05-22,1031.73,0.0,all
2021-05-23,0.0,0.0,all
2021-05-24,804.19,-1062.1,all
2021-05-25,751.71,-740.12,all
2021-05-26,792.34,0.0,all
2021-05-27,866.11,0.0,all
2021-05-28,1118.76,0.0,all
2021-05-29,1131.29,0.0,all
2021-05-30,0.0,0.0,all
2021-05-31,849.14,-7518.39,all
2021-06-01,2565.55,-4705.94,all
2021-06-02,669.89,0.0,all
2021-06-03,740.51,0.0,all
2021-06-04,839.65,0.0,all
2021-06-05,864.32,0.0,all
2021-06-06,0.0,0.0,all
2021-06-07,689.91,-1038.88,all
2021-06-08,749.06,-735.52,all
2021-06-09,665.79,0.0,all
2021-06-10,751.0,0.0,all
2021-06-11,884.32,0.0,all
2021-06-12,1013.0,0.0,all
2021-06-13,0.0,0.0,all
2021-06-14,726.62,-1089.34,all
2021-06-15,669.52,-4428.33,all
2021-06-16,712.8,0.0,all
2021-06-17,735.72,0.0,all
2021-06-18,935.63,0.0,all
2021-06-19,896.23,0.0,all
2021-06-20,0.0,0.0,all
2021-06-21,764.0,-1040.73,all
2021-06-22,676.23,-709.61,all
2021-06-23,711.05,0.0,all
2021-06-24,685.83,0.0,all
2021-06-25,1000.83,0.0,all
2021-06-26,950.85,0.0,all
2021-06-27,0.0,0.0,all
2021-06-28,702.58,-1112.67,all
2021-06-29,769.13,-736.01,all
2021-06-30,684.38,-6645.78,all
2021-07-01,2160.52,-4612.0,all
2021-07-02,932.38,0.0,all
2021-07-03,981.31,0.0,all
2021-07-04,0.0,0.0,all
2021-07-05,748.61,-1040.63,all
2021-07-06,743.06,-726.13,all
2021-07-07,715.31,0.0,all
2021-07-08,662.72,0.0,all
2021-07-09,968.51,0.0,all
2021-07-10,906.21,0.0,all
2021-07-11,0.0,0.0,all
2021-07-12,715.96,-1041.26,all
2021-07-13,759.88,-731.99,all
2021-07-14,730.66,0.0,all
2021-07-15,753.54,-3956.19,all
2021-07-16,884.14,0.0,all
2021-07-17,858.15,0.0,all
2021-07-18,0.0,0.0,all
2021-07-19,720.83,-1055.1,all
2021-07-20,701.56,-731.17,all
2021-07-21,748.67,0.0,all
2021-07-22,658.52,0.0,all
2021-07-23,949.62,0.0,all
2021-07-24,952.92,0.0,all
2021-07-25,0.0,0.0,all
2021-07-26,646.39,-1100.84,all
2021-07-27,695.19,-707.44,all
2021-07-28,688.64,0.0,all
2021-07-29,729.52,0.0,all
2021-07-30,939.49,0.0,all
2021-07-31,965.1,-6512.4,all
2021-08-01,1704.28,-3715.34,all
2021-08-02,659.92,-1046.66,all
2021-08-03,686.98,-752.95,all
2021-08-04,685.13,0.0,all
2021-08-05,635.75,0.0,all
2021-08-06,941.76,0.0,all
2021-08-07,953.26,0.0,all
2021-08-08,0.0,0.0,all
2021-08-09,718.02,-1138.03,all
2021-08-10,639.35,-701.3,all
2021-08-11,707.91,0.0,all
2021-08-12,735.51,0.0,all
2021-08-13,956.46,0.0,all
2021-08-14,1022.31,0.0,all
2021-08-15,0.0,-3795.37,all
2021-08-16,749.46,-1142.8,all
2021-08-17,692.99,-754.19,all
2021-08-18,732.87,0.0,all
2021-08-19,657.29,0.0,all
2021-08-20,997.69,0.0,all
2021-08-21,957.52,0.0,all
2021-08-22,0.0,0.0,all
2021-08-23,790.38,-1118.84,all
2021-08-24,722.66,-761.91,all
2021-08-25,748.61,0.0,all
2021-08-26,762.76,0.0,all
2021-08-27,985.27,0.0,all
2021-08-28,974.72,0.0,all
2021-08-29,0.0,0.0,all
2021-08-30,703.82,-1153.95,all
2021-08-31,742.05,-7070.9,all
2021-09-01,2874.42,-3832.28,all
2021-09-02,923.48,0.0,all
2021-09-03,1132.02,0.0,all
2021-09-04,1084.0,0.0,all
2021-09-05,0.0,0.0,all
2021-09-06,801.24,-1073.14,all
2021-09-07,806.55,-755.43,all
2021-09-08,886.34,0.0,all
2021-09-09,874.51,0.0,all
2021-09-10,1141.83,0.0,all
2021-09-11,1040.24,0.0,all
2021-09-12,0.0,0.0,all
2021-09-13,827.51,-1136.35,all
2021-09-14,761.04,-724.93,all
2021-09-15,795.34,-3895.86,all
2021-09-16,773.92,0.0,all
2021-09-17,1158.65,0.0,all
2021-09-18,1093.07,0.0,all
2021-09-19,0.0,0.0,all
2021-09-20,909.55,-1108.21,all
2021-09-21,818.89,-735.02,all
2021-09-22,747.24,0.0,all
2021-09-23,821.83,0.0,all
2021-09-24,1121.91,0.0,all
2021-09-25,1001.23,0.0,all
2021-09-26,0.0,0.0,all
2021-09-27,777.84,-1119.37,all
2021-09-28,917.63,-725.7,all
2021-09-29,886.02,0.0,all
2021-09-30,786.29,-6235.93,all
2021-10-01,2220.49,-4732.48,all
2021-10-02,1120.55,0.0,all
2021-10-03,0.0,0.0,all
2021-10-04,851.7,-1158.68,all
2021-10-05,803.06,-743.17,all
2021-10-06,871.64,0.0,all
2021-10-07,830.14,0.0,all
2021-10-08,1087.02,0.0,all
2021-10-09,1178.68,0.0,all
2021-10-10,0.0,0.0,all
2021-10-11,749.35,-1152.43,all
2021-10-12,816.5,-733.19,all
2021-10-13,818.17,0.0,all
2021-10-14,897.79,0.0,all
2021-10-15,1038.86,-4052.74,all
2021-10-16,1126.39,0.0,all
2021-10-17,0.0,0.0,all
2021-10-18,790.78,-1120.19,all
2021-10-19,792.1,-756.77,all
2021-10-20,789.0,0.0,all
2021-10-21,860.31,0.0,all
2021-10-22,979.95,0.0,all
2021-10-23,1160.7,0.0,all
2021-10-24,0.0,0.0,all
2021-10-25,822.38,-1064.38,all
2021-10-26,855.67,-757.71,all
2021-10-27,868.53,0.0,all
2021-10-28,782.79,0.0,all
2021-10-29,1058.89,0.0,all
2021-10-30,1128.63,0.0,all
2021-10-31,0.0,-3733.88,all
2021-11-01,2318.58,-5103.25,all
2021-11-02,1115.88,-777.11,all
2021-11-03,1151.14,0.0,all
2021-11-04,1026.63,0.0,all
2021-11-05,1492.46,0.0,all
2021-11-06,1500.43,0.0,all
2021-11-07,0.0,0.0,all
2021-11-08,1085.64,-1067.22,all
2021-11-09,1127.21,-761.92,all
2021-11-10,1177.29,0.0,all
2021-11-11,1016.77,0.0,all
2021-11-12,1590.99,0.0,all
2021-11-13,1516.35,0.0,all
2021-11-14,0.0,0.0,all
2021-11-15,1167.73,-5230.19,all
2021-11-16,1069.68,-726.0,all
2021-11-17,1131.1,0.0,all
2021-11-18,1196.89,0.0,all
2021-11-19,1449.11,0.0,all
2021-11-20,1691.12,0.0,all
2021-11-21,0.0,0.0,all
2021-11-22,1085.87,-1165.19,all
2021-11-23,1188.69,-770.44,all
2021-11-24,1048.19,0.0,all
2021-11-25,1217.22,0.0,all
2021-11-26,1476.59,0.0,all
2021-11-27,1612.36,0.0,all
2021-11-28,0.0,0.0,all
2021-11-29,1062.05,-1160.82,all
2021-11-30,1060.95,-4428.78,all
2021-12-01,2592.26,-3686.24,all
2021-12-02,1190.84,0.0,all
2021-12-03,1363.56,0.0,all
2021-12-04,1445.67,0.0,all
2021-12-05,0.0,0.0,all
2021-12-06,1072.08,-1109.13,all
2021-12-07,1116.02,-764.61,all
2021-12-08,1130.67,0.0,all
2021-12-09,1139.15,0.0,all
2021-12-10,1624.04,0.0,all
2021-12-11,1423.4,0.0,all
2021-12-12,0.0,0.0,all
2021-12-13,1198.36,-1105.88,all
2021-12-14,1052.72,-759.4,all
2021-12-15,1021.74,-4165.99,all
2021-12-16,1102.33,0.0,all
2021-12-17,1568.38,0.0,all
2021-12-18,1486.59,0.0,all
2021-12-19,0.0,0.0,all
2021-12-20,1041.66,-1178.63,all
2021-12-21,1157.89,-751.34,all
2021-12-22,1085.02,0.0,all
2021-12-23,1110.12,0.0,all
2021-12-24,1648.81,0.0,all
2021-12-25,1464.16,0.0,all
2021-12-26,0.0,0.0,all
2021-12-27,1175.11,-1158.07,all
2021-12-28,1161.51,-757.63,all
2021-12-29,1192.85,0.0,all
2021-12-30,1108.47,0.0,all
2021-12-31,1431.83,-3987.55,all
2022-01-01,3002.14,-4884.33,all
2022-01-02,0.0,0.0,all
2022-01-03,865.11,-1092.09,all
2022-01-04,875.33,-797.52,all
2022-01-05,829.54,0.0,all
2022-01-06,883.24,0.0,all
2022-01-07,1098.1,0.0,all
2022-01-08,1083.49,0.0,all
2022-01-09,0.0,0.0,all
2022-01-10,896.62,-1115.06,all
2022-01-11,902.98,-769.01,all
2022-01-12,821.03,0.0,all
2022-01-13,891.86,0.0,all
2022-01-14,1146.74,0.0,all
2022-01-15,1115.95,-4221.82,all
2022-01-16,0.0,0.0,all
2022-01-17,893.54,-1088.21,all
2022-01-18,913.7,-742.01,all
2022-01-19,849.13,0.0,all
2022-01-20,897.25,0.0,all
2022-01-21,1069.6,0.0,all
2022-01-22,1116.34,0.0,all
2022-01-23,0.0,0.0,all
2022-01-24,880.14,-1194.86,all
2022-01-25,851.5,-737.88,all
2022-01-26,946.99,0.0,all
2022-01-27,902.59,0.0,all
2022-01-28,1110.18,0.0,all
2022-01-29,1049.71,0.0,all
2022-01-30,0.0,0.0,all
2022-01-31,879.97,-4825.51,all
2022-02-01,2142.12,-4590.01,all
2022-02-02,792.14,0.0,all
2022-02-03,886.78,0.0,all
2022-02-04,1132.56,0.0,all
2022-02-05,1056.29,0.0,all
2022-02-06,0.0,0.0,all
2022-02-07,829.75,-1202.96,all
2022-02-08,801.52,-788.06,all
2022-02-09,816.13,0.0,all
2022-02-10,854.02,0.0,all
2022-02-11,1072.51,0.0,all
2022-02-12,1207.99,0.0,all
2022-02-13,0.0,0.0,all
2022-02-14,881.04,-1165.05,all
2022-02-15,847.32,-4839.16,all
2022-02-16,800.96,0.0,all
2022-02-17,825.78,0.0,all
2022-02-18,1115.55,0.0,all
2022-02-19,1099.34,0.0,all
2022-02-20,0.0,0.0,all
2022-02-21,868.97,-1205.45,all
2022-02-22,897.04,-742.15,all
2022-02-23,853.17,0.0,all
2022-02-24,766.02,0.0,all
2022-02-25,1124.55,0.0,all
2022-02-26,1074.27,0.0,all
2022-02-27,0.0,0.0,all
2022-02-28,776.21,-5177.73,all
2022-03-01,3140.19,-4805.19,all
2022-03-02,841.16,0.0,all
2022-03-03,917.48,0.0,all
2022-03-04,1134.94,0.0,all
2022-03-05,1174.08,0.0,all
2022-03-06,0.0,0.0,all
2022-03-07,886.45,-1164.34,all
2022-03-08,842.14,-778.32,all
2022-03-09,909.7,0.0,all
2022-03-10,789.76,0.0,all
2022-03-11,1162.66,0.0,all
2022-03-12,1095.46,0.0,all
2022-03-13,0.0,0.0,all
2022-03-14,840.33,-1131.09,all
2022-03-15,898.24,-4644.49,all
2022-03-16,851.18,0.0,all
2022-03-17,922.42,0.0,all
2022-03-18,1165.1,0.0,all
2022-03-19,1112.53,0.0,all
2022-03-20,0.0,0.0,all
2022-03-21,921.28,-1208.85,all
2022-03-22,874.77,-741.73,all
2022-03-23,948.98,0.0,all
2022-03-24,896.66,0.0,all
2022-03-25,1241.99,0.0,all
2022-03-26,1097.49,0.0,all
2022-03-27,0.0,0.0,all
2022-03-28,875.18,-1140.32,all
2022-03-29,886.84,-751.06,all
2022-03-30,929.47,0.0,all
2022-03-31,945.62,-3771.75,all
2022-04-01,2392.17,-4596.85,all
2022-04-02,1091.78,0.0,all
2022-04-03,0.0,0.0,all
2022-04-04,849.24,-1140.51,all
2022-04-05,893.47,-771.92,all
2022-04-06,892.55,0.0,all
2022-04-07,856.16,0.0,all
2022-04-08,1258.97,0.0,all
2022-04-09,1219.21,0.0,all
2022-04-10,0.0,0.0,all
2022-04-11,841.22,-1207.03,all
2022-04-12,861.24,-760.89,all
2022-04-13,836.87,0.0,all
2022-04-14,869.36,0.0,all
2022-04-15,1181.77,-4049.1,all
2022-04-16,1083.21,0.0,all
2022-04-17,0.0,0.0,all
2022-04-18,847.13,-1136.24,all
2022-04-19,925.93,-809.78,all
2022-04-20,840.57,0.0,all
2022-04-21,845.65,0.0,all
2022-04-22,1203.38,0.0,all
2022-04-23,1117.02,0.0,all
2022-04-24,0.0,0.0,all
2022-04-25,841.78,-1188.9,all
2022-04-26,875.16,-777.31,all
2022-04-27,888.12,0.0,all
2022-04-28,832.0,0.0,all
2022-04-29,1285.55,0.0,all
2022-04-30,1204.22,-4021.22,all
2022-05-01,1713.97,-3730.85,all
2022-05-02,968.32,-1205.32,all
2022-05-03,954.03,-766.4,all
2022-05-04,869.33,0.0,all
2022-05-05,848.74,0.0,all
2022-05-06,1263.3,0.0,all
2022-05-07,1168.81,0.0,all
2022-05-08,0.0,0.0,all
2022-05-09,822.92,-1110.06,all
2022-05-10,824.71,-764.24,all
2022-05-11,826.04,0.0,all
2022-05-12,877.94,0.0,all
2022-05-13,1013.86,0.0,all
2022-05-14,1042.79,0.0,all
2022-05-15,0.0,-3971.82,all
2022-05-16,834.37,-1121.21,all
2022-05-17,923.33,-746.48,all
2022-05-18,883.9,0.0,all
2022-05-19,895.7,0.0,all
2022-05-20,1199.18,0.0,all
2022-05-21,1123.88,0.0,all
2022-05-22,0.0,0.0,all
2022-05-23,865.2,-1201.2,all
2022-05-24,790.88,-744.33,all
2022-05-25,818.57,0.0,all
2022-05-26,895.44,0.0,all
2022-05-27,1186.41,0.0,all
2022-05-28,1117.47,0.0,all
2022-05-29,0.0,0.0,all
2022-05-30,856.24,-1172.5,all
2022-05-31,906.36,-4470.04,all
2022-06-01,1829.84,-3729.95,all
2022-06-02,733.69,0.0,all
2022-06-03,944.71,0.0,all
2022-06-04,1107.07,0.0,all
2022-06-05,0.0,0.0,all
2022-06-06,792.85,-1154.48,all
2022-06-07,705.0,-808.98,all
2022-06-08,741.89,0.0,all
2022-06-09,793.73,0.0,all
2022-06-10,1008.18,0.0,all
2022-06-11,968.12,0.0,all
2022-06-12,0.0,0.0,all
2022-06-13,817.0,-1145.86,all
2022-06-14,792.92,-802.46,all
2022-06-15,804.86,-4285.94,all
2022-06-16,841.42,0.0,all
2022-06-17,1022.1,0.0,all
2022-06-18,975.31,0.0,all
2022-06-19,0.0,0.0,all
2022-06-20,729.1,-1163.63,all
2022-06-21,719.6,-748.44,all
2022-06-22,763.51,0.0,all
2022-06-23,732.71,0.0,all
2022-06-24,1022.42,0.0,all
2022-06-25,957.57,0.0,all
2022-06-26,0.0,0.0,all
2022-06-27,770.78,-1185.35,all
2022-06-28,735.18,-803.56,all
2022-06-29,837.97,0.0,all
2022-06-30,712.46,-3950.27,all
2022-07-01,2621.83,-4809.15,all
2022-07-02,962.87,0.0,all
2022-07-03,0.0,0.0,all
2022-07-04,777.46,-1207.49,all
2022-07-05,767.2,-743.47,all
2022-07-06,774.61,0.0,all
2022-07-07,685.57,0.0,all
2022-07-08,1002.29,0.0,all
2022-07-09,1021.4,0.0,all
2022-07-10,0.0,0.0,all
2022-07-11,781.56,-1164.76,all
2022-07-12,790.67,-756.03,all
2022-07-13,778.28,0.0,all
2022-07-14,760.16,0.0,all
2022-07-15,964.54,-4115.35,all
2022-07-16,969.24,0.0,all
2022-07-17,0.0,0.0,all
2022-07-18,799.44,-1202.24,all
2022-07-19,738.43,-805.91,all
2022-07-20,805.87,0.0,all
2022-07-21,727.19,0.0,all
2022-07-22,1113.65,0.0,all
2022-07-23,883.25,0.0,all
2022-07-24,0.0,0.0,all
2022-07-25,823.29,-1211.21,all
2022-07-26,735.1,-778.61,all
2022-07-27,800.07,0.0,all
2022-07-28,778.85,0.0,all
2022-07-29,962.2,0.0,all
2022-07-30,966.15,0.0,all
2022-07-31,0.0,-4097.77,all
2022-08-01,2241.97,-5178.9,all
2022-08-02,699.12,-757.59,all
2022-08-03,732.4,0.0,all
2022-08-04,752.98,0.0,all
2022-08-05,1016.62,0.0,all
2022-08-06,966.5,0.0,all
2022-08-07,0.0,0.0,all
2022-08-08,816.41,-1167.8,all
2022-08-09,738.93,-746.29,all
2022-08-10,749.99,0.0,all
2022-08-11,763.64,0.0,all
2022-08-12,1075.13,0.0,all
2022-08-13,1066.68,0.0,all
2022-08-14,0.0,0.0,all
2022-08-15,847.93,-5203.92,all
2022-08-16,774.52,-755.14,all
2022-08-17,795.96,0.0,all
2022-08-18,741.43,0.0,all
2022-08-19,1017.73,0.0,all
2022-08-20,957.75,0.0,all
2022-08-21,0.0,0.0,all
2022-08-22,764.8,-1155.17,all
2022-08-23,770.94,-765.13,all
2022-08-24,744.22,0.0,all
2022-08-25,755.62,0.0,all
2022-08-26,1132.98,0.0,all
2022-08-27,987.45,0.0,all
2022-08-28,0.0,0.0,all
2022-08-29,807.2,-1210.82,all
2022-08-30,778.47,-792.74,all
2022-08-31,770.6,-3867.89,all
2022-09-01,2494.41,-4027.0,all
2022-09-02,1178.51,0.0,all
2022-09-03,1260.67,0.0,all
2022-09-04,0.0,0.0,all
2022-09-05,892.98,-1205.9,all
2022-09-06,950.57,-763.1,all
2022-09-07,935.57,0.0,all
2022-09-08,939.09,0.0,all
2022-09-09,1233.88,0.0,all
2022-09-10,1254.75,0.0,all
2022-09-11,0.0,0.0,all
2022-09-12,788.06,-1185.17,all
2022-09-13,936.82,-802.8,all
2022-09-14,962.76,0.0,all
2022-09-15,899.73,-4240.9,all
2022-09-16,1053.77,0.0,all
2022-09-17,1118.6,0.0,all
2022-09-18,0.0,0.0,all
2022-09-19,920.89,-1123.97,all
2022-09-20,849.21,-788.41,all
2022-09-21,842.79,0.0,all
2022-09-22,973.3,0.0,all
2022-09-23,1235.64,0.0,all
2022-09-24,1274.1,0.0,all
2022-09-25,0.0,0.0,all
2022-09-26,862.36,-1126.91,all
2022-09-27,901.32,-779.22,all
2022-09-28,808.46,0.0,all
2022-09-29,921.5,0.0,all
2022-09-30,1229.97,-4035.45,all
2022-10-01,3684.12,-4716.3,all
2022-10-02,0.0,0.0,all
2022-10-03,860.23,-1152.56,all
2022-10-04,904.52,-766.73,all
2022-10-05,847.39,0.0,all
2022-10-06,917.65,0.0,all
2022-10-07,1132.24,0.0,all
2022-10-08,1280.68,0.0,all
2022-10-09,0.0,0.0,all
2022-10-10,909.88,-1219.58,all
2022-10-11,922.01,-777.54,all
2022-10-12,835.61,0.0,all
2022-10-13,933.06,0.0,all
2022-10-14,1148.22,0.0,all
2022-10-15,1237.16,-4317.63,all
2022-10-16,0.0,0.0,all
2022-10-17,919.43,-1149.73,all
2022-10-18,956.22,-792.09,all
2022-10-19,896.93,0.0,all
2022-10-20,913.64,0.0,all
2022-10-21,1164.36,0.0,all
2022-10-22,1132.91,0.0,all
2022-10-23,0.0,0.0,all
2022-10-24,889.44,-1242.23,all
2022-10-25,864.73,-799.53,all
2022-10-26,858.95,0.0,all
2022-10-27,871.85,0.0,all
2022-10-28,1126.5,0.0,all
2022-10-29,1051.63,0.0,all
2022-10-30,0.0,0.0,all
2022-10-31,779.08,-5136.03,all
2022-11-01,2698.37,-4578.08,all
2022-11-02,1144.29,0.0,all
2022-11-03,1181.33,0.0,all
2022-11-04,1453.51,0.0,all
2022-11-05,1526.26,0.0,all
2022-11-06,0.0,0.0,all
2022-11-07,1051.37,-1230.08,all
2022-11-08,1147.54,-772.25,all
2022-11-09,1126.06,0.0,all
2022-11-10,1201.17,0.0,all
2022-11-11,1550.84,0.0,all
2022-11-12,1528.54,0.0,all
2022-11-13,0.0,0.0,all
2022-11-14,1198.1,-1137.41,all
2022-11-15,1278.61,-5206.89,all
2022-11-16,1122.64,0.0,all
2022-11-17,1138.49,0.0,all
2022-11-18,1500.1,0.0,all
2022-11-19,1470.74,0.0,all
2022-11-20,0.0,0.0,all
2022-11-21,1188.01,-1171.5,all
2022-11-22,1300.0,-815.63,all
2022-11-23,1152.54,0.0,all
2022-11-24,1202.47,0.0,all
2022-11-25,1648.49,0.0,all
2022-11-26,1577.12,0.0,all
2022-11-27,0.0,0.0,all
2022-11-28,1276.98,-1220.5,all
2022-11-29,1199.0,-830.32,all
2022-11-30,1106.07,-3846.39,all
2022-12-01,2485.54,-3987.95,all
2022-12-02,1440.14,0.0,all
2022-12-03,1593.45,0.0,all
2022-12-04,0.0,0.0,all
2022-12-05,1229.95,-1192.08,all
2022-12-06,1148.46,-817.63,all
2022-12-07,1275.33,0.0,all
2022-12-08,1205.58,0.0,all
2022-12-09,1623.14,0.0,all
2022-12-10,1653.09,0.0,all
2022-12-11,0.0,0.0,all
2022-12-12,1197.87,-1191.95,all
2022-12-13,1204.89,-807.23,all
2022-12-14,1315.68,0.0,all
2022-12-15,1179.7,-4248.39,all
2022-12-16,1732.06,0.0,all
2022-12-17,1555.32,0.0,all
2022-12-18,0.0,0.0,all
2022-12-19,1232.48,-1172.48,all
2022-12-20,1229.46,-834.5,all
2022-12-21,1216.1,0.0,all
2022-12-22,1181.49,0.0,all
2022-12-23,1549.86,0.0,all
2022-12-24,1598.35,0.0,all
2022-12-25,0.0,0.0,all
2022-12-26,1234.72,-1148.21,all
2022-12-27,1211.06,-770.74,all
2022-12-28,1096.67,0.0,all
2022-12-29,1109.65,0.0,all
2022-12-30,1540.6,0.0,all
2022-12-31,1587.05,-4168.25,all
2023-01-01,3008.03,-4918.54,all
2023-01-02,908.12,-1228.48,all
2023-01-03,842.45,-800.23,all
2023-01-04,900.43,0.0,all
2023-01-05,818.81,0.0,all
2023-01-06,1117.73,0.0,all
2023-01-07,1169.93,0.0,all
2023-01-08,0.0,0.0,all
2023-01-09,934.96,-1214.11,all
2023-01-10,918.39,-770.99,all
2023-01-11,913.34,0.0,all
2023-01-12,958.64,0.0,all
2023-01-13,1107.24,0.0,all
2023-01-14,1103.54,0.0,all
2023-01-15,0.0,-4091.64,all
2023-01-16,917.17,-1194.89,all
2023-01-17,885.57,-831.68,all
2023-01-18,984.25,0.0,all
2023-01-19,873.71,0.0,all
2023-01-20,1298.24,0.0,all
2023-01-21,1326.41,0.0,all
2023-01-22,0.0,0.0,all
2023-01-23,905.8,-1156.67,all
2023-01-24,909.26,-763.67,all
2023-01-25,885.8,0.0,all
2023-01-26,876.96,0.0,all
2023-01-27,1241.65,0.0,all
2023-01-28,1151.0,0.0,all
2023-01-29,0.0,0.0,all
2023-01-30,905.53,-1161.3,all
2023-01-31,866.12,-4709.55,all
2023-02-01,3996.16,-3750.92,all
2023-02-02,857.58,0.0,all
2023-02-03,1135.4,0.0,all
2023-02-04,1129.82,0.0,all
2023-02-05,0.0,0.0,all
2023-02-06,968.59,-1182.98,all
2023-02-07,932.4,-803.43,all
2023-02-08,914.62,0.0,all
2023-02-09,887.98,0.0,all
2023-02-10,1115.89,0.0,all
2023-02-11,1212.29,0.0,all
2023-02-12,0.0,0.0,all
2023-02-13,893.05,-1205.47,all
2023-02-14,939.3,-767.47,all
2023-02-15,939.28,-4407.03,all
2023-02-16,897.11,0.0,all
2023-02-17,1228.48,0.0,all
2023-02-18,1222.01,0.0,all
2023-02-19,0.0,0.0,all
2023-02-20,916.65,-1233.1,all
2023-02-21,797.9,-839.75,all
2023-02-22,920.01,0.0,all
2023-02-23,965.36,0.0,all
2023-02-24,1279.77,0.0,all
2023-02-25,1100.73,0.0,all
2023-02-26,0.0,0.0,all
2023-02-27,871.41,-1204.56,all
2023-02-28,827.26,-4613.55,all
2023-03-01,3832.69,-3899.25,all
2023-03-02,923.79,0.0,all
2023-03-03,1200.28,0.0,all
2023-03-04,1249.2,0.0,all
2023-03-05,0.0,0.0,all
2023-03-06,984.53,-1150.18,all
2023-03-07,906.89,-792.91,all
2023-03-08,876.48,0.0,all
2023-03-09,889.66,0.0,all
2023-03-10,1206.42,0.0,all
2023-03-11,1248.86,0.0,all
2023-03-12,0.0,0.0,all
2023-03-13,945.1,-1180.66,all
2023-03-14,909.0,-789.74,all
2023-03-15,875.08,-4385.66,all
2023-03-16,807.66,0.0,all
2023-03-17,1146.1,0.0,all
2023-03-18,1297.15,0.0,all
2023-03-19,0.0,0.0,all
2023-03-20,881.84,-1244.92,all
2023-03-21,965.31,-787.66,all
2023-03-22,945.89,0.0,all
2023-03-23,939.17,0.0,all
2023-03-24,1197.28,0.0,all
2023-03-25,1188.0,0.0,all
2023-03-26,0.0,0.0,all
2023-03-27,913.53,-1174.64,all
2023-03-28,902.28,-767.02,all
2023-03-29,932.72,0.0,all
2023-03-30,919.4,0.0,all
2023-03-31,1277.07,-3970.18,all
2023-04-01,3583.37,-4624.58,all
2023-04-02,0.0,0.0,all
2023-04-03,864.69,-1174.74,all
2023-04-04,891.61,-834.08,all
2023-04-05,922.04,0.0,all
2023-04-06,842.65,0.0,all
2023-04-07,1201.63,0.0,all
2023-04-08,1301.34,0.0,all
2023-04-09,0.0,0.0,all
2023-04-10,935.89,-1219.47,all
2023-04-11,884.54,-827.27,all
2023-04-12,921.57,0.0,all
2023-04-13,987.44,0.0,all
2023-04-14,1156.58,0.0,all
2023-04-15,1251.43,-4249.66,all
2023-04-16,0.0,0.0,all
2023-04-17,824.97,-1240.41,all
2023-04-18,914.39,-786.38,all
2023-04-19,983.85,0.0,all
2023-04-20,932.52,0.0,all
2023-04-21,1193.4,0.0,all
2023-04-22,1208.92,0.0,all
2023-04-23,0.0,0.0,all
2023-04-24,881.63,-1147.33,all
2023-04-25,901.69,-760.49,all
2023-04-26,894.73,0.0,all
2023-04-27,917.13,0.0,all
2023-04-28,1215.53,0.0,all
2023-04-29,1102.65,0.0,all
2023-04-30,0.0,-3911.7,all
2023-05-01,2564.83,-5249.54,all
2023-05-02,820.41,-834.88,all
2023-05-03,955.03,0.0,all
2023-05-04,924.05,0.0,all
2023-05-05,1123.7,0.0,all
2023-05-06,1119.41,0.0,all
2023-05-07,0.0,0.0,all
2023-05-08,847.35,-1235.92,all
2023-05-09,912.14,-781.84,all
2023-05-10,908.57,0.0,all
2023-05-11,896.96,0.0,all
2023-05-12,1248.22,0.0,all
2023-05-13,1254.24,0.0,all
2023-05-14,0.0,0.0,all
2023-05-15,881.97,-5419.33,all
2023-05-16,895.44,-836.81,all
2023-05-17,849.36,0.0,all
2023-05-18,883.49,0.0,all
2023-05-19,1171.35,0.0,all
2023-05-20,1248.66,0.0,all
2023-05-21,0.0,0.0,all
2023-05-22,945.35,-1185.16,all
2023-05-23,879.81,-805.36,all
2023-05-24,875.56,0.0,all
2023-05-25,846.5,0.0,all
2023-05-26,1215.22,0.0,all
2023-05-27,1244.77,0.0,all
2023-05-28,0.0,0.0,all
2023-05-29,944.55,-1227.46,all
2023-05-30,915.19,-783.33,all
2023-05-31,980.06,-3953.33,all
2023-06-01,3271.27,-3873.3,all
2023-06-02,997.34,0.0,all
2023-06-03,1037.22,0.0,all
2023-06-04,0.0,0.0,all
2023-06-05,754.86,-1211.95,all
2023-06-06,800.98,-818.21,all
2023-06-07,822.77,0.0,all
2023-06-08,819.36,0.0,all
2023-06-09,1057.44,0.0,all
2023-06-10,1087.63,0.0,all
2023-06-11,0.0,0.0,all
2023-06-12,742.87,-1223.8,all
2023-06-13,750.26,-816.23,all
2023-06-14,761.06,0.0,all
2023-06-15,800.61,-4389.46,all
2023-06-16,1118.08,0.0,all
2023-06-17,1012.48,0.0,all
2023-06-18,0.0,0.0,all
2023-06-19,764.75,-1147.24,all
2023-06-20,717.5,-797.59,all
2023-06-21,820.79,0.0,all
2023-06-22,713.65,0.0,all
2023-06-23,999.44,0.0,all
2023-06-24,1061.75,0.0,all
2023-06-25,0.0,0.0,all
2023-06-26,800.21,-1180.91,all
2023-06-27,777.32,-836.94,all
2023-06-28,827.7,0.0,all
2023-06-29,823.21,0.0,all
2023-06-30,1008.01,-3808.63,all
2023-07-01,3003.72,-4881.05,all
2023-07-02,0.0,0.0,all
2023-07-03,758.32,-1252.93,all
2023-07-04,756.11,-809.8,all
2023-07-05,799.5,0.0,all
2023-07-06,710.98,0.0,all
2023-07-07,1029.31,0.0,all
2023-07-08,1144.16,0.0,all
2023-07-09,0.0,0.0,all
2023-07-10,722.26,-1204.53,all
2023-07-11,766.0,-767.88,all
2023-07-12,728.22,0.0,all
2023-07-13,695.81,0.0,all
2023-07-14,1013.0,0.0,all
2023-07-15,1121.69,-4453.55,all
2023-07-16,0.0,0.0,all
2023-07-17,725.5,-1232.34,all
2023-07-18,749.13,-830.29,all
2023-07-19,722.35,0.0,all
2023-07-20,843.79,0.0,all
2023-07-21,1022.42,0.0,all
2023-07-22,952.64,0.0,all
2023-07-23,0.0,0.0,all
2023-07-24,704.79,-1162.28,all
2023-07-25,837.34,-788.22,all
2023-07-26,790.91,0.0,all
2023-07-27,840.28,0.0,all
2023-07-28,1053.33,0.0,all
2023-07-29,1020.17,0.0,all
2023-07-30,0.0,0.0,all
2023-07-31,860.21,-5418.23,all
2023-08-01,2664.8,-4808.08,all
2023-08-02,818.13,0.0,all
2023-08-03,861.21,0.0,all
2023-08-04,1060.55,0.0,all
2023-08-05,1041.84,0.0,all
2023-08-06,0.0,0.0,all
2023-08-07,747.88,-1228.44,all
2023-08-08,869.45,-807.48,all
2023-08-09,729.75,0.0,all
2023-08-10,799.39,0.0,all
2023-08-11,997.94,0.0,all
2023-08-12,1039.62,0.0,all
2023-08-13,0.0,0.0,all
2023-08-14,822.91,-1235.66,all
2023-08-15,829.67,-5101.43,all
2023-08-16,836.13,0.0,all
2023-08-17,773.01,0.0,all
2023-08-18,997.42,0.0,all
2023-08-19,1110.43,0.0,all
2023-08-20,0.0,0.0,all
2023-08-21,832.86,-1160.93,all
2023-08-22,817.67,-779.42,all
2023-08-23,841.32,0.0,all
2023-08-24,715.86,0.0,all
2023-08-25,1023.91,0.0,all
2023-08-26,1123.82,0.0,all
2023-08-27,0.0,0.0,all
2023-08-28,740.02,-1189.33,all
2023-08-29,755.96,-794.24,all
2023-08-30,769.78,0.0,all
2023-08-31,780.77,-3863.65,all
2023-09-01,3173.91,-4030.9,all
2023-09-02,1076.22,0.0,all
2023-09-03,0.0,0.0,all
2023-09-04,888.5,-1235.47,all
2023-09-05,977.89,-825.85,all
2023-09-06,891.55,0.0,all
2023-09-07,883.69,0.0,all
2023-09-08,1257.77,0.0,all
2023-09-09,1201.3,0.0,all
2023-09-10,0.0,0.0,all
2023-09-11,943.24,-1236.08,all
2023-09-12,984.27,-809.22,all
2023-09-13,851.41,0.0,all
2023-09-14,930.06,0.0,all
2023-09-15,1282.96,-4181.59,all
2023-09-16,1253.8,0.0,all
2023-09-17,0.0,0.0,all
2023-09-18,851.12,-1155.21,all
2023-09-19,957.66,-779.58,all
2023-09-20,921.11,0.0,all
2023-09-21,943.5,0.0,all
2023-09-22,1145.9,0.0,all
2023-09-23,1153.53,0.0,all
2023-09-24,0.0,0.0,all
2023-09-25,1014.75,-1223.19,all
2023-09-26,873.39,-771.36,all
2023-09-27,866.22,0.0,all
2023-09-28,958.82,0.0,all
2023-09-29,1160.41,0.0,all
2023-09-30,1224.65,-4172.96,all
2023-10-01,2887.93,-4903.09,all
2023-10-02,983.98,-1249.32,all
2023-10-03,924.49,-779.51,all
2023-10-04,871.33,0.0,all
2023-10-05,868.51,0.0,all
2023-10-06,1206.91,0.0,all
2023-10-07,1150.73,0.0,all
2023-10-08,0.0,0.0,all
2023-10-09,899.82,-1228.24,all
2023-10-10,866.12,-813.21,all
2023-10-11,790.74,0.0,all
2023-10-12,844.78,0.0,all
2023-10-13,1275.27,0.0,all
2023-10-14,1254.4,0.0,all
2023-10-15,0.0,-4460.03,all
2023-10-16,891.71,-1174.96,all
2023-10-17,918.64,-795.44,all
2023-10-18,960.74,0.0,all
2023-10-19,855.15,0.0,all
2023-10-20,1231.09,0.0,all
2023-10-21,1276.46,0.0,all
2023-10-22,0.0,0.0,all
2023-10-23,926.0,-1192.4,all
2023-10-24,906.34,-783.22,all
2023-10-25,822.05,0.0,all
2023-10-26,924.46,0.0,all
2023-10-27,1170.78,0.0,all
2023-10-28,1233.69,0.0,all
2023-10-29,0.0,0.0,all
2023-10-30,864.32,-1148.28,all
2023-10-31,893.26,-4571.08,all
2023-11-01,3427.51,-3754.91,all
2023-11-02,1281.01,0.0,all
2023-11-03,1480.73,0.0,all
2023-11-04,1628.73,0.0,all
2023-11-05,0.0,0.0,all
2023-11-06,1102.05,-1167.82,all
2023-11-07,1138.62,-802.99,all
2023-11-08,1208.67,0.0,all
2023-11-09,1111.27,0.0,all
2023-11-10,1656.17,0.0,all
2023-11-11,1710.95,0.0,all
2023-11-12,0.0,0.0,all
2023-11-13,1197.07,-1184.76,all
2023-11-14,1207.67,-819.7,all
2023-11-15,1221.71,-4449.56,all
2023-11-16,1232.83,0.0,all
2023-11-17,1433.74,0.0,all
2023-11-18,1613.61,0.0,all
2023-11-19,0.0,0.0,all
2023-11-20,1228.23,-1200.01,all
2023-11-21,1211.15,-780.76,all
2023-11-22,1282.77,0.0,all
2023-11-23,1214.78,0.0,all
2023-11-24,1514.47,0.0,all
2023-11-25,1556.21,0.0,all
2023-11-26,0.0,0.0,all
2023-11-27,1191.35,-1167.65,all
2023-11-28,1207.72,-790.48,all
2023-11-29,1201.14,0.0,all
2023-11-30,1268.98,-3968.81,all
2023-12-01,4195.94,-3999.8,all
2023-12-02,1512.86,0.0,all
2023-12-03,0.0,0.0,all
2023-12-04,1261.89,-1147.99,all
2023-12-05,1213.32,-789.94,all
2023-12-06,1169.6,0.0,all
2023-12-07,1250.85,0.0,all
2023-12-08,1617.57,0.0,all
2023-12-09,1633.85,0.0,all
2023-12-10,0.0,0.0,all
2023-12-11,1188.87,-1191.91,all
2023-12-12,1275.0,-790.24,all
2023-12-13,1183.34,0.0,all
2023-12-14,1262.83,0.0,all
2023-12-15,1540.94,-4448.45,all
2023-12-16,1780.03,0.0,all
2023-12-17,0.0,0.0,all
2023-12-18,1311.66,-1254.26,all
2023-12-19,1295.66,-795.81,all
2023-12-20,1285.77,0.0,all
2023-12-21,1163.46,0.0,all
2023-12-22,1619.54,0.0,all
2023-12-23,1650.71,0.0,all
2023-12-24,0.0,0.0,all
2023-12-25,1200.86,-1206.41,all
2023-12-26,1106.25,-799.2,all
2023-12-27,1154.8,0.0,all
2023-12-28,1162.38,0.0,all
2023-12-29,1618.15,0.0,all
2023-12-30,1570.34,0.0,all
2023-12-31,0.0,-4127.31,all
2024-01-01,4501.62,-6231.72,all
2024-01-02,879.84,-836.48,all
2024-01-03,874.21,0.0,all
2024-01-04,844.2,0.0,all
2024-01-05,1250.72,0.0,all
2024-01-06,1109.66,0.0,all
2024-01-07,0.0,0.0,all
2024-01-08,919.07,-1248.42,all
2024-01-09,901.54,-779.72,all
2024-01-10,905.42,0.0,all
2024-01-11,891.73,0.0,all
2024-01-12,1158.07,0.0,all
2024-01-13,1175.48,0.0,all
2024-01-14,0.0,0.0,all
2024-01-15,935.11,-5245.95,all
2024-01-16,904.66,-796.52,all
2024-01-17,864.75,0.0,all
2024-01-18,865.54,0.0,all
2024-01-19,1231.46,0.0,all
2024-01-20,1196.4,0.0,all
2024-01-21,0.0,0.0,all
2024-01-22,947.8,-1253.65,all
2024-01-23,903.86,-814.58,all
2024-01-24,868.98,0.0,all
2024-01-25,860.84,0.0,all
2024-01-26,1120.11,0.0,all
2024-01-27,1165.3,0.0,all
2024-01-28,0.0,0.0,all
2024-01-29,872.02,-1213.8,all
2024-01-30,958.8,-804.96,all
2024-01-31,811.43,-4026.03,all
2024-02-01,4502.84,-3928.76,all
2024-02-02,1127.04,0.0,all
2024-02-03,1207.8,0.0,all
2024-02-04,0.0,0.0,all
2024-02-05,852.27,-1250.5,all
2024-02-06,874.0,-771.4,all
2024-02-07,903.22,0.0,all
2024-02-08,889.67,0.0,all
2024-02-09,1161.12,0.0,all
2024-02-10,1147.14,0.0,all
2024-02-11,0.0,0.0,all
2024-02-12,961.17,-1166.37,all
2024-02-13,848.88,-771.33,all
2024-02-14,830.2,0.0,all
2024-02-15,901.04,-4346.21,all
2024-02-16,1198.59,0.0,all
2024-02-17,1117.88,0.0,all
2024-02-18,0.0,0.0,all
2024-02-19,874.71,-1155.43,all
2024-02-20,835.55,-777.84,all
2024-02-21,928.16,0.0,all
2024-02-22,842.76,0.0,all
2024-02-23,1244.04,0.0,all
2024-02-24,1188.89,0.0,all
2024-02-25,0.0,0.0,all
2024-02-26,933.23,-1216.19,all
2024-02-27,901.14,-802.01,all
2024-02-28,892.05,0.0,all
2024-02-29,909.78,-4159.43,all
2024-03-01,3214.22,-3951.81,all
2024-03-02,1067.59,0.0,all
2024-03-03,0.0,0.0,all
2024-03-04,973.6,-1224.07,all
2024-03-05,855.22,-762.48,all
2024-03-06,849.47,0.0,all
2024-03-07,859.18,0.0,all
2024-03-08,1181.81,0.0,all
2024-03-09,1234.66,0.0,all
2024-03-10,0.0,0.0,all
2024-03-11,885.79,-1211.57,all
2024-03-12,936.77,-790.46,all
2024-03-13,935.84,0.0,all
2024-03-14,906.0,0.0,all
2024-03-15,1195.22,-4090.26,all
2024-03-16,1114.58,0.0,all
2024-03-17,0.0,0.0,all
2024-03-18,894.82,-1142.64,all
2024-03-19,837.63,-830.41,all
2024-03-20,900.75,0.0,all
2024-03-21,793.04,0.0,all
2024-03-22,1297.73,0.0,all
2024-03-23,1055.72,0.0,all
2024-03-24,0.0,0.0,all
2024-03-25,904.62,-1149.36,all
2024-03-26,895.86,-789.91,all
2024-03-27,929.73,0.0,all
2024-03-28,955.2,0.0,all
2024-03-29,1273.65,0.0,all
2024-03-30,1129.3,0.0,all
2024-03-31,0.0,-3962.78,all
2024-04-01,2598.45,-6123.22,all
2024-04-02,913.9,-805.48,all
2024-04-03,834.97,0.0,all
2024-04-04,870.06,0.0,all
2024-04-05,1277.73,0.0,all
2024-04-06,1214.29,0.0,all
2024-04-07,0.0,0.0,all
2024-04-08,903.09,-1148.72,all
2024-04-09,891.65,-767.51,all
2024-04-10,829.58,0.0,all
2024-04-11,920.58,0.0,all
2024-04-12,1184.29,0.0,all
2024-04-13,1151.27,0.0,all
2024-04-14,0.0,0.0,all
2024-04-15,851.03,-5701.18,all
2024-04-16,906.32,-794.81,all
2024-04-17,833.46,0.0,all
2024-04-18,910.98,0.0,all
2024-04-19,1177.56,0.0,all
2024-04-20,1124.63,0.0,all
2024-04-21,0.0,0.0,all
2024-04-22,940.07,-1178.67,all
2024-04-23,944.69,-781.64,all
2024-04-24,847.53,0.0,all
2024-04-25,939.44,0.0,all
2024-04-26,1131.61,0.0,all
2024-04-27,1147.5,0.0,all
2024-04-28,0.0,0.0,all
2024-04-29,913.22,-1172.12,all
2024-04-30,891.35,-4928.68,all
2024-05-01,4089.86,-4036.11,all
2024-05-02,814.95,0.0,all
2024-05-03,1215.77,0.0,all
2024-05-04,1218.14,0.0,all
2024-05-05,0.0,0.0,all
2024-05-06,844.83,-1171.65,all
2024-05-07,861.43,-765.05,all
2024-05-08,979.53,0.0,all
2024-05-09,846.16,0.0,all
2024-05-10,1224.26,0.0,all
2024-05-11,1109.78,0.0,all
2024-05-12,0.0,0.0,all
2024-05-13,846.52,-1206.12,all
2024-05-14,925.37,-822.97,all
2024-05-15,853.68,-4074.52,all
2024-05-16,927.45,0.0,all
2024-05-17,1294.41,0.0,all
2024-05-18,1151.18,0.0,all
2024-05-19,0.0,0.0,all
2024-05-20,921.45,-1149.63,all
2024-05-21,956.84,-834.22,all
2024-05-22,963.98,0.0,all
2024-05-23,887.93,0.0,all
2024-05-24,1045.97,0.0,all
2024-05-25,1075.57,0.0,all
2024-05-26,0.0,0.0,all
2024-05-27,880.76,-1202.22,all
2024-05-28,932.77,-773.8,all
2024-05-29,940.93,0.0,all
2024-05-30,994.29,0.0,all
2024-05-31,1190.92,-4089.77,all
2024-06-01,2974.59,-3823.95,all
2024-06-02,0.0,0.0,all
2024-06-03,809.11,-1249.42,all
2024-06-04,739.52,-770.21,all
2024-06-05,733.35,0.0,all
2024-06-06,772.58,0.0,all
2024-06-07,954.96,0.0,all
2024-06-08,1082.29,0.0,all
2024-06-09,0.0,0.0,all
2024-06-10,810.61,-1153.85,all
2024-06-11,780.84,-767.77,all
2024-06-12,717.24,0.0,all
2024-06-13,771.23,0.0,all
2024-06-14,1012.91,0.0,all
2024-06-15,1019.73,-4215.12,all
2024-06-16,0.0,0.0,all
2024-06-17,789.35,-1167.27,all
2024-06-18,729.37,-786.98,all
2024-06-19,736.78,0.0,all
2024-06-20,754.86,0.0,all
2024-06-21,1024.75,0.0,all
2024-06-22,1035.29,0.0,all
2024-06-23,0.0,0.0,all
2024-06-24,735.46,-1164.94,all
2024-06-25,813.71,-785.46,all
2024-06-26,738.2,0.0,all
2024-06-27,755.79,0.0,all
2024-06-28,1044.7,0.0,all
2024-06-29,998.36,0.0,all
2024-06-30,0.0,-3869.58,all
2024-07-01,3006.79,-6042.34,all
2024-07-02,780.27,-773.25,all
2024-07-03,751.64,0.0,all
2024-07-04,706.8,0.0,all
2024-07-05,943.14,0.0,all
2024-07-06,1086.21,0.0,all
2024-07-07,0.0,0.0,all
2024-07-08,842.48,-1204.47,all
2024-07-09,749.14,-763.56,all
2024-07-10,748.06,0.0,all
2024-07-11,824.09,0.0,all
2024-07-12,1041.19,0.0,all
2024-07-13,998.43,0.0,all
2024-07-14,0.0,0.0,all
2024-07-15,755.55,-5202.06,all
2024-07-16,828.45,-811.34,all
2024-07-17,792.85,0.0,all
2024-07-18,721.81,0.0,all
2024-07-19,976.02,0.0,all
2024-07-20,970.7,0.0,all
2024-07-21,0.0,0.0,all
2024-07-22,696.66,-1232.0,all
2024-07-23,758.23,-790.97,all
2024-07-24,751.23,0.0,all
2024-07-25,799.39,0.0,all
2024-07-26,1047.41,0.0,all
2024-07-27,1122.76,0.0,all
2024-07-28,0.0,0.0,all
2024-07-29,818.37,-1255.35,all
2024-07-30,805.8,-764.41,all
2024-07-31,870.87,-4193.15,all
2024-08-01,3995.83,-3707.48,all
2024-08-02,1111.2,0.0,all
2024-08-03,983.28,0.0,all
2024-08-04,0.0,0.0,all
2024-08-05,765.71,-1240.54,all
2024-08-06,846.46,-768.96,all
2024-08-07,798.92,0.0,all
2024-08-08,742.69,0.0,all
2024-08-09,1063.36,0.0,all
2024-08-10,1042.24,0.0,all
2024-08-11,0.0,0.0,all
2024-08-12,804.03,-1196.77,all
2024-08-13,731.68,-832.36,all
2024-08-14,772.85,0.0,all
2024-08-15,711.67,-4325.28,all
2024-08-16,976.31,0.0,all
2024-08-17,1044.26,0.0,all
2024-08-18,0.0,0.0,all
2024-08-19,744.34,-1183.75,all
2024-08-20,806.27,-791.01,all
2024-08-21,787.8,0.0,all
2024-08-22,786.34,0.0,all
2024-08-23,1016.46,0.0,all
2024-08-24,965.4,0.0,all
2024-08-25,0.0,0.0,all
2024-08-26,830.26,-1177.62,all
2024-08-27,792.67,-764.27,all
2024-08-28,794.39,0.0,all
2024-08-29,775.5,0.0,all
2024-08-30,1157.27,0.0,all
2024-08-31,1052.58,-4053.2,all
2024-09-01,2864.08,-3935.24,all
2024-09-02,974.51,-1182.86,all
2024-09-03,917.28,-795.1,all
2024-09-04,879.69,0.0,all
2024-09-05,928.33,0.0,all
2024-09-06,1258.82,0.0,all
2024-09-07,1231.27,0.0,all
2024-09-08,0.0,0.0,all
2024-09-09,907.72,-1210.38,all
2024-09-10,897.33,-777.88,all
2024-09-11,861.38,0.0,all
2024-09-12,900.68,0.0,all
2024-09-13,1114.04,0.0,all
2024-09-14,1210.61,0.0,all
2024-09-15,0.0,-4396.6,all
2024-09-16,924.64,-1144.76,all
2024-09-17,926.66,-760.03,all
2024-09-18,881.55,0.0,all
2024-09-19,824.82,0.0,all
2024-09-20,1335.7,0.0,all
2024-09-21,1121.98,0.0,all
2024-09-22,0.0,0.0,all
2024-09-23,947.21,-1259.81,all
2024-09-24,948.78,-760.91,all
2024-09-25,945.75,0.0,all
2024-09-26,940.76,0.0,all
2024-09-27,1246.3,0.0,all
2024-09-28,1114.51,0.0,all
2024-09-29,0.0,0.0,all
2024-09-30,920.62,-5183.42,all
2024-10-01,4574.78,-5628.64,all
2024-10-02,876.47,0.0,all
2024-10-03,854.19,0.0,all
2024-10-04,1224.97,0.0,all
2024-10-05,1235.11,0.0,all
2024-10-06,0.0,0.0,all
2024-10-07,950.26,-1163.57,all
2024-10-08,833.65,-810.53,all
2024-10-09,859.93,0.0,all
2024-10-10,952.89,0.0,all
2024-10-11,1200.31,0.0,all
2024-10-12,1140.31,0.0,all
2024-10-13,0.0,0.0,all
2024-10-14,843.74,-1195.7,all
2024-10-15,896.81,-5110.41,all
2024-10-16,899.67,0.0,all
2024-10-17,939.28,0.0,all
2024-10-18,1104.84,0.0,all
2024-10-19,1188.58,0.0,all
2024-10-20,0.0,0.0,all
2024-10-21,873.11,-1184.24,all
2024-10-22,903.85,-811.67,all
2024-10-23,890.85,0.0,all
2024-10-24,838.67,0.0,all
2024-10-25,1133.09,0.0,all
2024-10-26,1242.36,0.0,all
2024-10-27,0.0,0.0,all
2024-10-28,965.22,-1246.64,all
2024-10-29,840.76,-831.13,all
2024-10-30,858.51,0.0,all
2024-10-31,873.32,-4154.27,all
2024-11-01,3993.6,-3795.07,all
2024-11-02,1725.19,0.0,all
2024-11-03,0.0,0.0,all
2024-11-04,1258.5,-1249.52,all
2024-11-05,1340.01,-804.06,all
2024-11-06,1174.44,0.0,all
2024-11-07,1132.8,0.0,all
2024-11-08,1520.63,0.0,all
2024-11-09,1532.86,0.0,all
2024-11-10,0.0,0.0,all
2024-11-11,1090.2,-1176.13,all
2024-11-12,1201.66,-836.65,all
2024-11-13,1246.89,0.0,all
2024-11-14,1152.59,0.0,all
2024-11-15,1628.4,-4224.66,all
2024-11-16,1687.68,0.0,all
2024-11-17,0.0,0.0,all
2024-11-18,1211.96,-1255.04,all
2024-11-19,1248.71,-762.89,all
2024-11-20,1347.45,0.0,all
2024-11-21,1265.02,0.0,all
2024-11-22,1635.81,0.0,all
2024-11-23,1550.73,0.0,all
2024-11-24,0.0,0.0,all
2024-11-25,1123.59,-1141.18,all
2024-11-26,1207.79,-764.4,all
2024-11-27,1193.92,0.0,all
2024-11-28,1217.45,0.0,all
2024-11-29,1663.17,0.0,all
2024-11-30,1652.7,-4171.63,all
2024-12-01,2566.39,-3952.9,all
2024-12-02,1171.5,-1237.02,all
2024-12-03,1200.52,-781.42,all
2024-12-04,1145.59,0.0,all
2024-12-05,1134.76,0.0,all
2024-12-06,1551.6,0.0,all
2024-12-07,1550.14,0.0,all
2024-12-08,0.0,0.0,all
2024-12-09,1255.69,-1226.5,all
2024-12-10,1170.21,-833.98,all
2024-12-11,1099.11,0.0,all
2024-12-12,1087.71,0.0,all
2024-12-13,1628.94,0.0,all
2024-12-14,1489.96,0.0,all
2024-12-15,0.0,-4175.51,all
2024-12-16,1141.94,-1212.45,all
2024-12-17,1217.46,-790.72,all
2024-12-18,1203.34,0.0,all
2024-12-19,1241.37,0.0,all
2024-12-20,1628.16,0.0,all
2024-12-21,1626.1,0.0,all
2024-12-22,0.0,0.0,all
2024-12-23,1255.4,-1170.05,all
2024-12-24,1190.77,-800.61,all
2024-12-25,1214.43,0.0,all
2024-12-26,1193.48,0.0,all
2024-12-27,1397.84,0.0,all
2024-12-28,1670.28,0.0,all
2024-12-29,0.0,0.0,all
2024-12-30,1283.86,-1197.54,all
2024-12-31,1163.7,-4671.61,all
2025-01-01,3032.12,-4793.37,all
2025-01-02,846.65,0.0,all
2025-01-03,1157.89,0.0,all
2025-01-04,1139.49,0.0,all
2025-01-05,0.0,0.0,all
2025-01-06,887.67,-1224.11,all
2025-01-07,882.73,-762.93,all
2025-01-08,874.42,0.0,all
2025-01-09,926.16,0.0,all
2025-01-10,1143.11,0.0,all
2025-01-11,1192.39,0.0,all
2025-01-12,0.0,0.0,all
2025-01-13,979.28,-1259.31,all
2025-01-14,901.78,-833.41,all
2025-01-15,826.31,-4138.06,all
2025-01-16,908.94,0.0,all
2025-01-17,1083.3,0.0,all
2025-01-18,1210.95,0.0,all
2025-01-19,0.0,0.0,all
2025-01-20,888.97,-1200.99,all
2025-01-21,917.6,-831.76,all
2025-01-22,831.3,0.0,all
2025-01-23,866.85,0.0,all
2025-01-24,1296.17,0.0,all
2025-01-25,1109.94,0.0,all
2025-01-26,0.0,0.0,all
2025-01-27,965.87,-1209.82,all
2025-01-28,842.65,-837.48,all
2025-01-29,889.49,0.0,all
2025-01-30,972.24,0.0,all
2025-01-31,1264.4,-4198.93,all
2025-02-01,3380.53,-3962.07,all
2025-02-02,0.0,0.0,all
2025-02-03,962.44,-1237.17,all
2025-02-04,931.93,-811.3,all
2025-02-05,937.3,0.0,all
2025-02-06,903.04,0.0,all
2025-02-07,1298.85,0.0,all
2025-02-08,1151.41,0.0,all
2025-02-09,0.0,0.0,all
2025-02-10,948.58,-1226.87,all
2025-02-11,845.24,-833.61,all
2025-02-12,935.15,0.0,all
2025-02-13,907.98,0.0,all
2025-02-14,1142.18,0.0,all
2025-02-15,1153.04,-4244.46,all
2025-02-16,0.0,0.0,all
2025-02-17,819.33,-1233.98,all
2025-02-18,860.25,-821.11,all
2025-02-19,920.27,0.0,all
2025-02-20,878.83,0.0,all
2025-02-21,1205.8,0.0,all
2025-02-22,1235.92,0.0,all
2025-02-23,0.0,0.0,all
2025-02-24,916.43,-1229.78,all
2025-02-25,967.99,-774.07,all
2025-02-26,911.34,0.0,all
2025-02-27,847.12,0.0,all
2025-02-28,1138.05,-4168.9,all
2025-03-01,4231.26,-3694.94,all
2025-03-02,0.0,0.0,all
2025-03-03,971.63,-1151.16,all
2025-03-04,963.14,-807.21,all
2025-03-05,939.21,0.0,all
2025-03-06,930.77,0.0,all
2025-03-07,1260.83,0.0,all
2025-03-08,1298.67,0.0,all
2025-03-09,0.0,0.0,all
2025-03-10,834.64,-1154.49,all
2025-03-11,998.27,-797.82,all
2025-03-12,914.77,0.0,all
2025-03-13,935.73,0.0,all
2025-03-14,1104.83,0.0,all
2025-03-15,1074.73,-4314.75,all
2025-03-16,0.0,0.0,all
2025-03-17,899.32,-1239.83,all
2025-03-18,983.81,-822.9,all
2025-03-19,928.95,0.0,all
2025-03-20,971.65,0.0,all
2025-03-21,1165.17,0.0,all
2025-03-22,1131.28,0.0,all
2025-03-23,0.0,0.0,all
2025-03-24,896.4,-1222.62,all
2025-03-25,954.7,-771.84,all
2025-03-26,864.32,0.0,all
2025-03-27,878.47,0.0,all
2025-03-28,1113.01,0.0,all
2025-03-29,1210.98,0.0,all
2025-03-30,0.0,0.0,all
2025-03-31,817.14,-5270.41,all
2025-04-01,2608.04,-5771.19,all
2025-04-02,882.48,0.0,all
2025-04-03,900.62,0.0,all
2025-04-04,1262.15,0.0,all
2025-04-05,1159.09,0.0,all
2025-04-06,0.0,0.0,all
2025-04-07,963.74,-1171.09,all
2025-04-08,893.07,-813.05,all
2025-04-09,874.54,0.0,all
2025-04-10,900.15,0.0,all
2025-04-11,1138.95,0.0,all
2025-04-12,1168.02,0.0,all
2025-04-13,0.0,0.0,all
2025-04-14,902.99,-1144.49,all
2025-04-15,924.32,-5033.49,all
2025-04-16,913.59,0.0,all
2025-04-17,893.52,0.0,all
2025-04-18,1239.84,0.0,all
2025-04-19,1142.63,0.0,all
2025-04-20,0.0,0.0,all
2025-04-21,870.97,-1207.64,all
2025-04-22,916.71,-793.25,all
2025-04-23,856.95,0.0,all
2025-04-24,988.18,0.0,all
2025-04-25,1222.47,0.0,all
2025-04-26,1217.46,0.0,all
2025-04-27,0.0,0.0,all
2025-04-28,964.81,-1200.39,all
2025-04-29,943.77,-813.22,all
2025-04-30,924.51,-3944.8,all
2025-05-01,3785.6,-3897.05,all
2025-05-02,1223.51,0.0,all
2025-05-03,1248.04,0.0,all
2025-05-04,0.0,0.0,all
2025-05-05,925.97,-1140.51,all
2025-05-06,961.58,-810.93,all
2025-05-07,837.21,0.0,all
2025-05-08,912.65,0.0,all
2025-05-09,1214.08,0.0,all
2025-05-10,1107.07,0.0,all
2025-05-11,0.0,0.0,all
2025-05-12,877.3,-1153.17,all
2025-05-13,881.56,-825.17,all
2025-05-14,958.41,0.0,all
2025-05-15,929.59,-4251.64,all
2025-05-16,1139.55,0.0,all
2025-05-17,1129.06,0.0,all
2025-05-18,0.0,0.0,all
2025-05-19,887.72,-1202.54,all
2025-05-20,928.09,-781.08,all
2025-05-21,932.78,0.0,all
2025-05-22,993.08,0.0,all
2025-05-23,1223.54,0.0,all
2025-05-24,1243.04,0.0,all
2025-05-25,0.0,0.0,all
2025-05-26,896.42,-1190.56,all
2025-05-27,899.18,-796.17,all
2025-05-28,889.07,0.0,all
2025-05-29,996.58,0.0,all
2025-05-30,1240.28,0.0,all
2025-05-31,1187.99,-3870.43,all
2025-06-01,2244.01,-3902.13,all
2025-06-02,774.55,-1162.25,all
2025-06-03,782.47,-772.06,all
2025-06-04,796.07,0.0,all
2025-06-05,791.34,0.0,all
2025-06-06,981.57,0.0,all
2025-06-07,1107.82,0.0,all
2025-06-08,0.0,0.0,all
2025-06-09,789.63,-1179.9,all
2025-06-10,755.01,-818.54,all
2025-06-11,716.61,0.0,all
2025-06-12,804.34,0.0,all
2025-06-13,963.09,0.0,all
2025-06-14,1108.58,0.0,all
2025-06-15,0.0,-4406.31,all
2025-06-16,765.87,-1244.32,all
2025-06-17,741.44,-799.99,all
2025-06-18,727.37,0.0,all
2025-06-19,750.8,0.0,all
2025-06-20,1109.02,0.0,all
2025-06-21,944.05,0.0,all
2025-06-22,0.0,0.0,all
2025-06-23,797.28,-1251.67,all
2025-06-24,791.28,-805.36,all
2025-06-25,813.75,0.0,all
2025-06-26,741.06,0.0,all
2025-06-27,953.01,0.0,all
2025-06-28,1065.3,0.0,all
2025-06-29,0.0,0.0,all
2025-06-30,772.87,-5390.51,all
2025-07-01,3267.79,-5611.72,all
2025-07-02,822.14,0.0,all
2025-07-03,780.71,0.0,all
2025-07-04,1137.83,0.0,all
2025-07-05,1013.54,0.0,all
2025-07-06,0.0,0.0,all
2025-07-07,791.19,-1173.07,all
2025-07-08,822.66,-782.06,all
2025-07-09,784.97,0.0,all
2025-07-10,717.12,0.0,all
2025-07-11,928.8,0.0,all
2025-07-12,1159.22,0.0,all
2025-07-13,0.0,0.0,all
2025-07-14,813.96,-1232.93,all
2025-07-15,748.93,-5164.48,all
2025-07-16,867.31,0.0,all
2025-07-17,780.17,0.0,all
2025-07-18,933.61,0.0,all
2025-07-19,1040.88,0.0,all
2025-07-20,0.0,0.0,all
2025-07-21,881.95,-1143.7,all
2025-07-22,749.59,-820.94,all
2025-07-23,829.59,0.0,all
2025-07-24,790.96,0.0,all
2025-07-25,1100.91,0.0,all
2025-07-26,1039.19,0.0,all
2025-07-27,0.0,0.0,all
2025-07-28,780.73,-1251.62,all
2025-07-29,754.24,-799.6,all
2025-07-30,728.57,0.0,all
2025-07-31,776.28,-4156.07,all
2025-08-01,3306.08,-3927.82,all
2025-08-02,971.67,0.0,all
2025-08-03,0.0,0.0,all
2025-08-04,785.33,-1230.63,all
2025-08-05,831.53,-816.62,all
2025-08-06,812.5,0.0,all
2025-08-07,732.98,0.0,all
2025-08-08,1075.04,0.0,all
2025-08-09,1072.5,0.0,all
2025-08-10,0.0,0.0,all
2025-08-11,790.73,-1238.19,all
2025-08-12,767.39,-807.42,all
2025-08-13,828.07,0.0,all
2025-08-14,824.81,0.0,all
2025-08-15,1156.08,-4438.89,all
2025-08-16,965.41,0.0,all
2025-08-17,0.0,0.0,all
2025-08-18,696.13,-1155.42,all
2025-08-19,759.16,-778.2,all
2025-08-20,732.1,0.0,all
2025-08-21,790.7,0.0,all
2025-08-22,1043.26,0.0,all
2025-08-23,1058.0,0.0,all
2025-08-24,0.0,0.0,all
2025-08-25,786.05,-1195.68,all
2025-08-26,882.42,-809.06,all
2025-08-27,689.59,0.0,all
2025-08-28,757.76,0.0,all
2025-08-29,1113.97,0.0,all
2025-08-30,1007.73,0.0,all
2025-08-31,0.0,-4067.83,all
2025-09-01,3158.2,-5168.37,all
2025-09-02,888.26,-780.86,all
2025-09-03,941.08,0.0,all
2025-09-04,900.68,0.0,all
2025-09-05,1213.04,0.0,all
2025-09-06,1142.16,0.0,all
2025-09-07,0.0,0.0,all
2025-09-08,948.63,-1146.97,all
2025-09-09,854.81,-810.36,all
2025-09-10,854.01,0.0,all
2025-09-11,879.05,0.0,all
2025-09-12,1298.97,0.0,all
2025-09-13,1220.64,0.0,all
2025-09-14,0.0,0.0,all
2025-09-15,856.21,-5599.81,all
2025-09-16,846.52,-811.84,all
2025-09-17,955.55,0.0,all
2025-09-18,861.8,0.0,all
2025-09-19,1185.07,0.0,all
2025-09-20,1299.46,0.0,all
2025-09-21,0.0,0.0,all
2025-09-22,947.17,-1230.7,all
2025-09-23,891.03,-803.24,all
2025-09-24,887.2,0.0,all
2025-09-25,899.36,0.0,all
2025-09-26,1269.79,0.0,all
2025-09-27,1128.29,0.0,all
2025-09-28,0.0,0.0,all
2025-09-29,834.85,-1153.67,all
2025-09-30,880.7,-4719.01,all
2025-10-01,3207.95,-4916.1,all
2025-10-02,934.27,0.0,all
2025-10-03,1177.85,0.0,all
2025-10-04,1283.18,0.0,all
2025-10-05,0.0,0.0,all
2025-10-06,895.84,-1187.43,all
2025-10-07,878.41,-764.03,all
2025-10-08,891.0,0.0,all
2025-10-09,917.27,0.0,all
2025-10-10,1136.82,0.0,all
2025-10-11,1171.14,0.0,all
2025-10-12,0.0,0.0,all
2025-10-13,834.48,-1247.73,all
2025-10-14,984.34,-796.81,all
2025-10-15,874.32,-4426.52,all
2025-10-16,911.23,0.0,all
2025-10-17,1256.88,0.0,all
2025-10-18,1119.06,0.0,all
2025-10-19,0.0,0.0,all
2025-10-20,930.92,-1155.83,all
2025-10-21,858.05,-779.12,all
2025-10-22,948.19,0.0,all
2025-10-23,880.14,0.0,all
2025-10-24,1125.88,0.0,all
2025-10-25,1202.31,0.0,all
2025-10-26,0.0,0.0,all
2025-10-27,968.99,-1207.95,all
2025-10-28,880.01,-784.32,all
2025-10-29,862.3,0.0,all
2025-10-30,920.75,0.0,all
2025-10-31,1280.8,-4108.46,all
2025-11-01,3787.04,-4027.68,all
2025-11-02,0.0,0.0,all
2025-11-03,1276.34,-1217.56,all
2025-11-04,1205.54,-811.0,all
2025-11-05,1284.17,0.0,all
2025-11-06,1244.86,0.0,all
2025-11-07,1567.97,0.0,all
2025-11-08,1552.57,0.0,all
2025-11-09,0.0,0.0,all
2025-11-10,1174.75,-1204.73,all
2025-11-11,1189.06,-836.06,all
2025-11-12,1221.52,0.0,all
2025-11-13,1207.58,0.0,all
2025-11-14,1455.21,0.0,all
2025-11-15,1520.86,-4060.91,all
2025-11-16,0.0,0.0,all
2025-11-17,1227.3,-1202.59,all
2025-11-18,1215.84,-778.6,all
2025-11-19,1144.31,0.0,all
2025-11-20,1294.19,0.0,all
2025-11-21,1634.76,0.0,all
2025-11-22,1633.7,0.0,all
2025-11-23,0.0,0.0,all
2025-11-24,1123.56,-1228.11,all
2025-11-25,1178.96,-832.49,all
2025-11-26,1196.55,0.0,all
2025-11-27,1090.9,0.0,all
2025-11-28,1576.89,0.0,all
2025-11-29,1461.35,0.0,all
2025-11-30,0.0,-3858.56,all
2025-12-01,3514.35,-5147.56,all
2025-12-02,1252.9,-828.84,all
2025-12-03,1165.52,0.0,all
2025-12-04,1170.65,0.0,all
2025-12-05,1640.64,0.0,all
2025-12-06,1591.03,0.0,all
2025-12-07,0.0,0.0,all
2025-12-08,1172.72,-1141.49,all
2025-12-09,1708.93,-828.9,all
2025-12-10,1154.41,0.0,all
2025-12-11,1144.65,0.0,all
2025-12-12,1482.59,0.0,all
2025-12-13,1438.43,0.0,all
2025-12-14,904.45,0.0,all
2025-12-15,1159.23,-5714.1,all
2025-12-16,1264.93,-793.2,all
2025-12-17,1214.35,0.0,all
2025-12-18,1207.97,0.0,all
2025-12-19,1623.1,0.0,all
2025-12-20,1641.46,0.0,all
2025-12-21,0.0,0.0,all
2025-12-22,1220.82,-1645.98,all
2025-12-23,1197.24,-798.13,all
2025-12-24,1362.63,0.0,all
2025-12-25,1167.43,-267.48,all
2025-12-26,1641.49,0.0,all
2025-12-27,1767.96,0.0,all
2025-12-28,0.0,0.0,all
2025-12-29,1195.2,-1212.22,all
2025-12-30,1112.62,-768.04,all
2025-12-31,1236.0,-3843.92,all
